#
# There is insufficient memory for the Java Runtime Environment to continue.
# Native memory allocation (mmap) failed to map 89128960 bytes. Error detail: G1 virtual space
# Possible reasons:
#   The system is out of physical RAM or swap space
#   This process is running with CompressedOops enabled, and the Java Heap may be blocking the growth of the native heap
# Possible solutions:
#   Reduce memory load on the system
#   Increase physical memory or swap space
#   Check if swap backing store is full
#   Decrease Java heap size (-Xmx/-Xms)
#   Decrease number of Java threads
#   Decrease Java thread stack sizes (-Xss)
#   Set larger code cache with -XX:ReservedCodeCacheSize=
#   JVM is running with Unscaled Compressed Oops mode in which the Java heap is
#     placed in the first 4GB address space. The Java Heap base address is the
#     maximum limit for the native heap growth. Please use -XX:HeapBaseMinAddress
#     to set the Java Heap base and to place the Java Heap above 4GB virtual address.
# This output file may be truncated or incomplete.
#
#  Out of Memory Error (os_windows.cpp:3714), pid=13496, tid=15040
#
# JRE version: OpenJDK Runtime Environment Temurin-21.0.10+7 (21.0.10+7) (build 21.0.10+7-LTS)
# Java VM: OpenJDK 64-Bit Server VM Temurin-21.0.10+7 (21.0.10+7-LTS, mixed mode, tiered, compressed oops, compressed class ptrs, g1 gc, windows-amd64)
# No core dump will be written. Minidumps are not enabled by default on client versions of Windows
#

---------------  S U M M A R Y ------------

Command Line: -Dosgi.requiredJavaVersion=1.8 -Dosgi.instance.area.default=@user.home/STM32CubeIDE/workspace_2.2.0 -Declipse.buildId=Version 2.2.0 -DproductMaturityGrade=mm -Djdk.http.auth.tunneling.disabledSchemes= -XX:+UseG1GC -XX:+UseStringDeduplication -Xms256m -Xmx2048m -Djavax.net.ssl.trustStoreType=WINDOWS-ROOT 

Host: AMD Ryzen 5 4600H with Radeon Graphics         , 12 cores, 7G,  Windows 11 , 64 bit Build 26100 (10.0.26100.9444)
Time: Mon Sep 14 08:41:53 2026 Central Daylight Time elapsed time: 282.921283 seconds (0d 0h 4m 42s)

---------------  T H R E A D  ---------------

Current thread (0x00000179aa601f50):  VMThread "VM Thread"          [id=15040, stack(0x000000538f000000,0x000000538f100000) (1024K)]

Stack: [0x000000538f000000,0x000000538f100000]
Native frames: (J=compiled Java code, j=interpreted, Vv=VM code, C=native code)
V  [jvm.dll+0x6d7a39]
V  [jvm.dll+0x8b4b26]
V  [jvm.dll+0x8b70de]
V  [jvm.dll+0x8b77c3]
V  [jvm.dll+0x284346]
V  [jvm.dll+0x6d4355]
V  [jvm.dll+0x6c808a]
V  [jvm.dll+0x35edb8]
V  [jvm.dll+0x3669f6]
V  [jvm.dll+0x3b7afe]
V  [jvm.dll+0x3b7da8]
V  [jvm.dll+0x332fbc]
V  [jvm.dll+0x3357d6]
V  [jvm.dll+0x33f7cd]
V  [jvm.dll+0x374e8f]
V  [jvm.dll+0x8bd4b0]
V  [jvm.dll+0x8be824]
V  [jvm.dll+0x8bed50]
V  [jvm.dll+0x8beff3]
V  [jvm.dll+0x85f59d]
V  [jvm.dll+0x6d626d]
C  [ucrtbase.dll+0x2cd30]
C  [KERNEL32.DLL+0x2cd87]
C  [ntdll.dll+0xacaec]

VM_Operation (0x000000538ebff6b0): G1PauseRemark, mode: safepoint, requested by thread 0x000001798c8d1290


---------------  P R O C E S S  ---------------

Threads class SMR info:
_java_thread_list=0x00000179c02f8370, length=45, elements={
0x000001798c86ae90, 0x00000179aa686fc0, 0x00000179aa687630, 0x00000179aa675320,
0x00000179aa677d90, 0x00000179aa6787f0, 0x00000179aa697d60, 0x00000179aa6b9840,
0x00000179aa67de10, 0x00000179aa67e8b0, 0x00000179aa87b2b0, 0x00000179aa87e940,
0x00000179b01a5880, 0x00000179af3d3260, 0x00000179af3d38d0, 0x00000179b0284ca0,
0x00000179b0019950, 0x00000179b04bbb10, 0x00000179b04bd550, 0x00000179b04ba760,
0x00000179b04bc1a0, 0x00000179b04ba0d0, 0x00000179b5055410, 0x00000179b5053340,
0x00000179b50546f0, 0x00000179b5056e50, 0x00000179b5054d80, 0x00000179b5059c40,
0x00000179b505a960, 0x00000179b5058890, 0x00000179b597f150, 0x00000179b260cba0,
0x00000179b26120f0, 0x00000179b2612780, 0x00000179b2610d40, 0x00000179b5ad27c0,
0x00000179b5ad2130, 0x00000179b5980500, 0x00000179b105a4e0, 0x00000179c0298b50,
0x00000179c0297e30, 0x00000179c02991e0, 0x00000179bb750700, 0x00000179bb74daa0,
0x00000179b1057060
}

Java Threads: ( => current thread )
  0x000001798c86ae90 JavaThread "main"                              [_thread_blocked, id=13204, stack(0x000000538e600000,0x000000538e700000) (1024K)]
  0x00000179aa686fc0 JavaThread "Reference Handler"          daemon [_thread_blocked, id=2448, stack(0x000000538f100000,0x000000538f200000) (1024K)]
  0x00000179aa687630 JavaThread "Finalizer"                  daemon [_thread_blocked, id=1448, stack(0x000000538f200000,0x000000538f300000) (1024K)]
  0x00000179aa675320 JavaThread "Signal Dispatcher"          daemon [_thread_blocked, id=3328, stack(0x000000538f300000,0x000000538f400000) (1024K)]
  0x00000179aa677d90 JavaThread "Attach Listener"            daemon [_thread_blocked, id=22140, stack(0x000000538f400000,0x000000538f500000) (1024K)]
  0x00000179aa6787f0 JavaThread "Service Thread"             daemon [_thread_blocked, id=21056, stack(0x000000538f500000,0x000000538f600000) (1024K)]
  0x00000179aa697d60 JavaThread "Monitor Deflation Thread"   daemon [_thread_blocked, id=18112, stack(0x000000538f600000,0x000000538f700000) (1024K)]
  0x00000179aa6b9840 JavaThread "C2 CompilerThread0"         daemon [_thread_in_native, id=19608, stack(0x000000538f700000,0x000000538f800000) (1024K)]
  0x00000179aa67de10 JavaThread "C1 CompilerThread0"         daemon [_thread_blocked, id=13764, stack(0x000000538f800000,0x000000538f900000) (1024K)]
  0x00000179aa67e8b0 JavaThread "StringDedupThread"          daemon [_thread_blocked, id=17088, stack(0x000000538f900000,0x000000538fa00000) (1024K)]
  0x00000179aa87b2b0 JavaThread "Notification Thread"        daemon [_thread_blocked, id=1740, stack(0x000000538fa00000,0x000000538fb00000) (1024K)]
  0x00000179aa87e940 JavaThread "Common-Cleaner"             daemon [_thread_blocked, id=18352, stack(0x000000538fb00000,0x000000538fc00000) (1024K)]
  0x00000179b01a5880 JavaThread "Active Thread: Equinox Container: 0aab84b6-c084-480a-84cc-2849f0892da1"        [_thread_blocked, id=21248, stack(0x0000005390600000,0x0000005390700000) (1024K)]
  0x00000179af3d3260 JavaThread "Framework Event Dispatcher: Equinox Container: 0aab84b6-c084-480a-84cc-2849f0892da1" daemon [_thread_blocked, id=21692, stack(0x0000005390700000,0x0000005390800000) (1024K)]
  0x00000179af3d38d0 JavaThread "Start Level: Equinox Container: 0aab84b6-c084-480a-84cc-2849f0892da1" daemon [_thread_blocked, id=21044, stack(0x0000005390800000,0x0000005390900000) (1024K)]
  0x00000179b0284ca0 JavaThread "SCR Component Actor"        daemon [_thread_blocked, id=20888, stack(0x0000005390900000,0x0000005390a00000) (1024K)]
  0x00000179b0019950 JavaThread "EMF Reference Cleaner"      daemon [_thread_blocked, id=22456, stack(0x0000005390a00000,0x0000005390b00000) (1024K)]
  0x00000179b04bbb10 JavaThread "Worker-JM"                         [_thread_blocked, id=20032, stack(0x0000005390e00000,0x0000005390f00000) (1024K)]
  0x00000179b04bd550 JavaThread "Gogo shell"                        [_thread_blocked, id=16660, stack(0x0000005390f00000,0x0000005391000000) (1024K)]
  0x00000179b04ba760 JavaThread "JNA Cleaner"                daemon [_thread_blocked, id=2128, stack(0x0000005391100000,0x0000005391200000) (1024K)]
  0x00000179b04bc1a0 JavaThread "Bundle File Closer"         daemon [_thread_blocked, id=14284, stack(0x0000005391300000,0x0000005391400000) (1024K)]
  0x00000179b04ba0d0 JavaThread "Java2D Disposer"            daemon [_thread_blocked, id=18524, stack(0x0000005391600000,0x0000005391700000) (1024K)]
  0x00000179b5055410 JavaThread "AWT-Windows"                daemon [_thread_in_native, id=17196, stack(0x0000005391800000,0x0000005391900000) (1024K)]
  0x00000179b5053340 JavaThread "EventAdmin Async Event Dispatcher Thread" daemon [_thread_blocked, id=10628, stack(0x000000538fc00000,0x000000538fd00000) (1024K)]
  0x00000179b50546f0 JavaThread "Worker-2: C/C++ Indexer"           [_thread_blocked, id=21424, stack(0x0000005391a00000,0x0000005391b00000) (1024K)]
  0x00000179b5056e50 JavaThread "Worker-3"                          [_thread_blocked, id=3432, stack(0x0000005391b00000,0x0000005391c00000) (1024K)]
  0x00000179b5054d80 JavaThread "Worker-5: Update Monitor"          [_thread_blocked, id=9108, stack(0x0000005391d00000,0x0000005391e00000) (1024K)]
  0x00000179b5059c40 JavaThread "Worker-11"                         [_thread_blocked, id=4856, stack(0x0000005392300000,0x0000005392400000) (1024K)]
  0x00000179b505a960 JavaThread "pool-2-thread-1"                   [_thread_blocked, id=8912, stack(0x0000005392500000,0x0000005392600000) (1024K)]
  0x00000179b5058890 JavaThread "pool-3-thread-1"                   [_thread_blocked, id=16388, stack(0x0000005392600000,0x0000005392700000) (1024K)]
  0x00000179b597f150 JavaThread "org.eclipse.cdt.internal.ui.text.CReconciler" daemon [_thread_blocked, id=15112, stack(0x0000005392a00000,0x0000005392b00000) (1024K)]
  0x00000179b260cba0 JavaThread "RMI TCP Accept-41337"       daemon [_thread_in_native, id=2232, stack(0x0000005392b00000,0x0000005392c00000) (1024K)]
  0x00000179b26120f0 JavaThread "RMI Reaper"                        [_thread_blocked, id=19004, stack(0x0000005392c00000,0x0000005392d00000) (1024K)]
  0x00000179b2612780 JavaThread "RMI GC Daemon"              daemon [_thread_blocked, id=21780, stack(0x0000005392d00000,0x0000005392e00000) (1024K)]
  0x00000179b2610d40 JavaThread "Serial Ports Filter"        daemon [_thread_blocked, id=19748, stack(0x0000005392f00000,0x0000005393000000) (1024K)]
  0x00000179b5ad27c0 JavaThread "HttpClient-1-SelectorManager" daemon [_thread_in_native, id=21604, stack(0x0000005392e00000,0x0000005392f00000) (1024K)]
  0x00000179b5ad2130 JavaThread "Provisioning Event Dispatcher" daemon [_thread_blocked, id=16604, stack(0x0000005393200000,0x0000005393300000) (1024K)]
  0x00000179b5980500 JavaThread "ForkJoinPool.commonPool-worker-2" daemon [_thread_blocked, id=13948, stack(0x000000538e700000,0x000000538e800000) (1024K)]
  0x00000179b105a4e0 JavaThread "ForkJoinPool.commonPool-worker-3" daemon [_thread_blocked, id=22068, stack(0x000000538e800000,0x000000538e900000) (1024K)]
  0x00000179c0298b50 JavaThread "Thread-23"                         [_thread_in_native, id=16004, stack(0x0000005391200000,0x0000005391300000) (1024K)]
  0x00000179c0297e30 JavaThread "Thread-24"                         [_thread_in_native, id=20652, stack(0x0000005391400000,0x0000005391500000) (1024K)]
  0x00000179c02991e0 JavaThread "Timer-1"                           [_thread_blocked, id=11016, stack(0x0000005391700000,0x0000005391800000) (1024K)]
  0x00000179bb750700 JavaThread "Worker-13"                         [_thread_blocked, id=18564, stack(0x0000005391900000,0x0000005391a00000) (1024K)]
  0x00000179bb74daa0 JavaThread "Worker-14"                         [_thread_blocked, id=21280, stack(0x0000005391500000,0x0000005391600000) (1024K)]
  0x00000179b1057060 JavaThread "Worker-15"                         [_thread_blocked, id=15584, stack(0x0000005391c00000,0x0000005391d00000) (1024K)]
Total: 45

Other Threads:
=>0x00000179aa601f50 VMThread "VM Thread"                           [id=15040, stack(0x000000538f000000,0x000000538f100000) (1024K)]
  0x00000179aa5b1270 WatcherThread "VM Periodic Task Thread"        [id=4648, stack(0x000000538ef00000,0x000000538f000000) (1024K)]
  0x000001798c8c02a0 WorkerThread "GC Thread#0"                     [id=8580, stack(0x000000538ea00000,0x000000538eb00000) (1024K)]
  0x00000179b01d9890 WorkerThread "GC Thread#1"                     [id=3128, stack(0x000000538fd00000,0x000000538fe00000) (1024K)]
  0x00000179b01d9c40 WorkerThread "GC Thread#2"                     [id=15592, stack(0x000000538fe00000,0x000000538ff00000) (1024K)]
  0x00000179b02459f0 WorkerThread "GC Thread#3"                     [id=11476, stack(0x000000538ff00000,0x0000005390000000) (1024K)]
  0x00000179b01d9ff0 WorkerThread "GC Thread#4"                     [id=11868, stack(0x0000005390000000,0x0000005390100000) (1024K)]
  0x00000179b0612a90 WorkerThread "GC Thread#5"                     [id=14240, stack(0x0000005390100000,0x0000005390200000) (1024K)]
  0x00000179b0613640 WorkerThread "GC Thread#6"                     [id=13136, stack(0x0000005390200000,0x0000005390300000) (1024K)]
  0x00000179af3d7660 WorkerThread "GC Thread#7"                     [id=3376, stack(0x0000005390300000,0x0000005390400000) (1024K)]
  0x00000179b014da80 WorkerThread "GC Thread#8"                     [id=18900, stack(0x0000005390400000,0x0000005390500000) (1024K)]
  0x00000179b014de30 WorkerThread "GC Thread#9"                     [id=13144, stack(0x0000005390500000,0x0000005390600000) (1024K)]
  0x000001798c8d1290 ConcurrentGCThread "G1 Main Marker"            [id=17420, stack(0x000000538eb00000,0x000000538ec00000) (1024K)]
  0x000001798c8d1da0 WorkerThread "G1 Conc#0"                       [id=19756, stack(0x000000538ec00000,0x000000538ed00000) (1024K)]
  0x00000179b081c230 WorkerThread "G1 Conc#1"                       [id=4384, stack(0x0000005390b00000,0x0000005390c00000) (1024K)]
  0x00000179b081d4a0 WorkerThread "G1 Conc#2"                       [id=21840, stack(0x0000005390c00000,0x0000005390d00000) (1024K)]
  0x00000179aa11cf50 ConcurrentGCThread "G1 Refine#0"               [id=3576, stack(0x000000538ed00000,0x000000538ee00000) (1024K)]
  0x00000179aa11d8e0 ConcurrentGCThread "G1 Service"                [id=22408, stack(0x000000538ee00000,0x000000538ef00000) (1024K)]
Total: 18

Threads with active compile tasks:
C2 CompilerThread0  282978 23560       4       org.eclipse.cdt.internal.core.pdom.dom.PDOMMacro::<init> (133 bytes)
Total: 1

VM state: at safepoint (normal execution)

VM Mutex/Monitor currently owned by a thread:  ([mutex/lock_event])
[0x00007ffc306ce560] Threads_lock - owner thread: 0x00000179aa601f50
[0x00007ffc306ce660] Heap_lock - owner thread: 0x000001798c8d1290

Heap address: 0x0000000080000000, size: 2048 MB, Compressed Oops mode: 32-bit

CDS archive(s) not mapped
Compressed class space mapped at: 0x0000000100000000-0x0000000140000000, reserved size: 1073741824
Narrow klass base: 0x0000000000000000, Narrow klass shift: 3, Narrow klass range: 0x140000000

GC Precious Log:
 CardTable entry size: 512
 Card Set container configuration: InlinePtr #cards 5 size 8 Array Of Cards #cards 12 size 40 Howl #buckets 4 coarsen threshold 1843 Howl Bitmap #cards 512 size 80 coarsen threshold 460 Card regions per heap region 1 cards per card region 2048
 CPUs: 12 total, 12 available
 Memory: 7598M
 Large Page Support: Disabled
 NUMA Support: Disabled
 Compressed Oops: Enabled (32-bit)
 Heap Region Size: 1M
 Heap Min Capacity: 256M
 Heap Initial Capacity: 256M
 Heap Max Capacity: 2G
 Pre-touch: Disabled
 Parallel Workers: 10
 Concurrent Workers: 3
 Concurrent Refinement Workers: 10
 Periodic GC: Disabled
 String Deduplication is enabled

Heap:
 garbage-first heap   total 813056K, used 630475K [0x0000000080000000, 0x0000000100000000)
  region size 1024K, 103 young (105472K), 12 survivors (12288K)
 Metaspace       used 123631K, committed 126400K, reserved 1179648K
  class space    used 14335K, committed 15488K, reserved 1048576K

Heap Regions: E=young(eden), S=young(survivor), O=old, HS=humongous(starts), HC=humongous(continues), CS=collection set, F=free, TAMS=top-at-mark-start, PB=parsable bottom
|   0|0x0000000080000000, 0x0000000080100000, 0x0000000080100000|100%| O|  |TAMS 0x0000000080100000| PB 0x0000000080100000| Untracked 
|   1|0x0000000080100000, 0x0000000080200000, 0x0000000080200000|100%| O|  |TAMS 0x0000000080200000| PB 0x0000000080200000| Untracked 
|   2|0x0000000080200000, 0x0000000080300000, 0x0000000080300000|100%| O|  |TAMS 0x0000000080300000| PB 0x0000000080300000| Untracked 
|   3|0x0000000080300000, 0x0000000080400000, 0x0000000080400000|100%| O|  |TAMS 0x0000000080400000| PB 0x0000000080400000| Updating 
|   4|0x0000000080400000, 0x0000000080500000, 0x0000000080500000|100%| O|  |TAMS 0x0000000080500000| PB 0x0000000080500000| Updating 
|   5|0x0000000080500000, 0x0000000080600000, 0x0000000080600000|100%| O|  |TAMS 0x0000000080600000| PB 0x0000000080600000| Untracked 
|   6|0x0000000080600000, 0x0000000080700000, 0x0000000080700000|100%| O|  |TAMS 0x0000000080700000| PB 0x0000000080700000| Updating 
|   7|0x0000000080700000, 0x0000000080800000, 0x0000000080800000|100%| O|  |TAMS 0x0000000080800000| PB 0x0000000080800000| Untracked 
|   8|0x0000000080800000, 0x0000000080900000, 0x0000000080900000|100%| O|  |TAMS 0x0000000080900000| PB 0x0000000080900000| Updating 
|   9|0x0000000080900000, 0x0000000080a00000, 0x0000000080a00000|100%| O|  |TAMS 0x0000000080a00000| PB 0x0000000080a00000| Updating 
|  10|0x0000000080a00000, 0x0000000080b00000, 0x0000000080b00000|100%| O|  |TAMS 0x0000000080b00000| PB 0x0000000080b00000| Untracked 
|  11|0x0000000080b00000, 0x0000000080c00000, 0x0000000080c00000|100%| O|  |TAMS 0x0000000080c00000| PB 0x0000000080c00000| Untracked 
|  12|0x0000000080c00000, 0x0000000080d00000, 0x0000000080d00000|100%| O|  |TAMS 0x0000000080d00000| PB 0x0000000080d00000| Untracked 
|  13|0x0000000080d00000, 0x0000000080e00000, 0x0000000080e00000|100%| O|  |TAMS 0x0000000080e00000| PB 0x0000000080e00000| Untracked 
|  14|0x0000000080e00000, 0x0000000080f00000, 0x0000000080f00000|100%| O|  |TAMS 0x0000000080f00000| PB 0x0000000080f00000| Untracked 
|  15|0x0000000080f00000, 0x0000000081000000, 0x0000000081000000|100%| O|  |TAMS 0x0000000081000000| PB 0x0000000081000000| Updating 
|  16|0x0000000081000000, 0x0000000081100000, 0x0000000081100000|100%| O|  |TAMS 0x0000000081100000| PB 0x0000000081100000| Untracked 
|  17|0x0000000081100000, 0x0000000081200000, 0x0000000081200000|100%| O|  |TAMS 0x0000000081200000| PB 0x0000000081200000| Updating 
|  18|0x0000000081200000, 0x0000000081300000, 0x0000000081300000|100%| O|  |TAMS 0x0000000081300000| PB 0x0000000081300000| Untracked 
|  19|0x0000000081300000, 0x0000000081400000, 0x0000000081400000|100%| O|  |TAMS 0x0000000081400000| PB 0x0000000081400000| Untracked 
|  20|0x0000000081400000, 0x0000000081500000, 0x0000000081500000|100%| O|  |TAMS 0x0000000081500000| PB 0x0000000081500000| Updating 
|  21|0x0000000081500000, 0x0000000081600000, 0x0000000081600000|100%| O|  |TAMS 0x0000000081600000| PB 0x0000000081600000| Updating 
|  22|0x0000000081600000, 0x0000000081700000, 0x0000000081700000|100%| O|  |TAMS 0x0000000081700000| PB 0x0000000081700000| Updating 
|  23|0x0000000081700000, 0x0000000081800000, 0x0000000081800000|100%| O|  |TAMS 0x0000000081800000| PB 0x0000000081800000| Updating 
|  24|0x0000000081800000, 0x0000000081900000, 0x0000000081900000|100%| O|  |TAMS 0x0000000081900000| PB 0x0000000081900000| Untracked 
|  25|0x0000000081900000, 0x0000000081a00000, 0x0000000081a00000|100%| O|  |TAMS 0x0000000081a00000| PB 0x0000000081a00000| Updating 
|  26|0x0000000081a00000, 0x0000000081b00000, 0x0000000081b00000|100%| O|  |TAMS 0x0000000081b00000| PB 0x0000000081b00000| Untracked 
|  27|0x0000000081b00000, 0x0000000081c00000, 0x0000000081c00000|100%| O|  |TAMS 0x0000000081c00000| PB 0x0000000081c00000| Untracked 
|  28|0x0000000081c00000, 0x0000000081d00000, 0x0000000081d00000|100%| O|  |TAMS 0x0000000081d00000| PB 0x0000000081d00000| Untracked 
|  29|0x0000000081d00000, 0x0000000081e00000, 0x0000000081e00000|100%| O|  |TAMS 0x0000000081e00000| PB 0x0000000081e00000| Untracked 
|  30|0x0000000081e00000, 0x0000000081f00000, 0x0000000081f00000|100%| O|  |TAMS 0x0000000081f00000| PB 0x0000000081f00000| Untracked 
|  31|0x0000000081f00000, 0x0000000082000000, 0x0000000082000000|100%| O|  |TAMS 0x0000000082000000| PB 0x0000000082000000| Untracked 
|  32|0x0000000082000000, 0x0000000082100000, 0x0000000082100000|100%| O|  |TAMS 0x0000000082100000| PB 0x0000000082100000| Untracked 
|  33|0x0000000082100000, 0x0000000082200000, 0x0000000082200000|100%| O|  |TAMS 0x0000000082200000| PB 0x0000000082200000| Untracked 
|  34|0x0000000082200000, 0x0000000082300000, 0x0000000082300000|100%| O|  |TAMS 0x0000000082300000| PB 0x0000000082300000| Untracked 
|  35|0x0000000082300000, 0x0000000082400000, 0x0000000082400000|100%| O|  |TAMS 0x0000000082400000| PB 0x0000000082400000| Untracked 
|  36|0x0000000082400000, 0x0000000082500000, 0x0000000082500000|100%| O|  |TAMS 0x0000000082500000| PB 0x0000000082500000| Untracked 
|  37|0x0000000082500000, 0x0000000082600000, 0x0000000082600000|100%| O|  |TAMS 0x0000000082600000| PB 0x0000000082600000| Untracked 
|  38|0x0000000082600000, 0x0000000082700000, 0x0000000082700000|100%|HS|  |TAMS 0x0000000082700000| PB 0x0000000082600000| Complete 
|  39|0x0000000082700000, 0x0000000082700000, 0x0000000082800000|  0%| F|  |TAMS 0x0000000082700000| PB 0x0000000082700000| Untracked 
|  40|0x0000000082800000, 0x0000000082900000, 0x0000000082900000|100%| O|  |TAMS 0x0000000082900000| PB 0x0000000082900000| Untracked 
|  41|0x0000000082900000, 0x0000000082a00000, 0x0000000082a00000|100%|HS|  |TAMS 0x0000000082a00000| PB 0x0000000082900000| Complete 
|  42|0x0000000082a00000, 0x0000000082b00000, 0x0000000082b00000|100%| O|  |TAMS 0x0000000082b00000| PB 0x0000000082b00000| Untracked 
|  43|0x0000000082b00000, 0x0000000082c00000, 0x0000000082c00000|100%|HS|  |TAMS 0x0000000082c00000| PB 0x0000000082b00000| Complete 
|  44|0x0000000082c00000, 0x0000000082d00000, 0x0000000082d00000|100%|HS|  |TAMS 0x0000000082d00000| PB 0x0000000082c00000| Complete 
|  45|0x0000000082d00000, 0x0000000082e00000, 0x0000000082e00000|100%| O|  |TAMS 0x0000000082e00000| PB 0x0000000082e00000| Untracked 
|  46|0x0000000082e00000, 0x0000000082f00000, 0x0000000082f00000|100%|HS|  |TAMS 0x0000000082f00000| PB 0x0000000082e00000| Complete 
|  47|0x0000000082f00000, 0x0000000083000000, 0x0000000083000000|100%|HS|  |TAMS 0x0000000083000000| PB 0x0000000082f00000| Complete 
|  48|0x0000000083000000, 0x0000000083100000, 0x0000000083100000|100%| O|  |TAMS 0x0000000083100000| PB 0x0000000083100000| Untracked 
|  49|0x0000000083100000, 0x0000000083200000, 0x0000000083200000|100%| O|  |TAMS 0x0000000083200000| PB 0x0000000083200000| Untracked 
|  50|0x0000000083200000, 0x0000000083300000, 0x0000000083300000|100%|HS|  |TAMS 0x0000000083300000| PB 0x0000000083200000| Complete 
|  51|0x0000000083300000, 0x0000000083400000, 0x0000000083400000|100%|HS|  |TAMS 0x0000000083400000| PB 0x0000000083300000| Complete 
|  52|0x0000000083400000, 0x0000000083500000, 0x0000000083500000|100%|HS|  |TAMS 0x0000000083500000| PB 0x0000000083400000| Complete 
|  53|0x0000000083500000, 0x0000000083600000, 0x0000000083600000|100%|HC|  |TAMS 0x0000000083600000| PB 0x0000000083500000| Complete 
|  54|0x0000000083600000, 0x0000000083700000, 0x0000000083700000|100%| O|  |TAMS 0x0000000083700000| PB 0x0000000083700000| Updating 
|  55|0x0000000083700000, 0x0000000083800000, 0x0000000083800000|100%| O|  |TAMS 0x0000000083800000| PB 0x0000000083800000| Untracked 
|  56|0x0000000083800000, 0x0000000083900000, 0x0000000083900000|100%| O|  |TAMS 0x0000000083900000| PB 0x0000000083900000| Untracked 
|  57|0x0000000083900000, 0x0000000083a00000, 0x0000000083a00000|100%| O|  |TAMS 0x0000000083a00000| PB 0x0000000083a00000| Untracked 
|  58|0x0000000083a00000, 0x0000000083b00000, 0x0000000083b00000|100%| O|  |TAMS 0x0000000083b00000| PB 0x0000000083b00000| Untracked 
|  59|0x0000000083b00000, 0x0000000083c00000, 0x0000000083c00000|100%| O|  |TAMS 0x0000000083c00000| PB 0x0000000083c00000| Updating 
|  60|0x0000000083c00000, 0x0000000083d00000, 0x0000000083d00000|100%| O|  |TAMS 0x0000000083d00000| PB 0x0000000083d00000| Updating 
|  61|0x0000000083d00000, 0x0000000083e00000, 0x0000000083e00000|100%| O|  |TAMS 0x0000000083e00000| PB 0x0000000083e00000| Untracked 
|  62|0x0000000083e00000, 0x0000000083f00000, 0x0000000083f00000|100%| O|  |TAMS 0x0000000083f00000| PB 0x0000000083f00000| Updating 
|  63|0x0000000083f00000, 0x0000000084000000, 0x0000000084000000|100%|HS|  |TAMS 0x0000000084000000| PB 0x0000000083f00000| Complete 
|  64|0x0000000084000000, 0x0000000084100000, 0x0000000084100000|100%| O|  |TAMS 0x0000000084100000| PB 0x0000000084100000| Updating 
|  65|0x0000000084100000, 0x0000000084200000, 0x0000000084200000|100%| O|  |TAMS 0x0000000084200000| PB 0x0000000084200000| Untracked 
|  66|0x0000000084200000, 0x0000000084300000, 0x0000000084300000|100%| O|  |TAMS 0x0000000084300000| PB 0x0000000084300000| Untracked 
|  67|0x0000000084300000, 0x0000000084400000, 0x0000000084400000|100%| O|  |TAMS 0x0000000084400000| PB 0x0000000084400000| Untracked 
|  68|0x0000000084400000, 0x0000000084500000, 0x0000000084500000|100%| O|  |TAMS 0x0000000084500000| PB 0x0000000084500000| Updating 
|  69|0x0000000084500000, 0x0000000084600000, 0x0000000084600000|100%| O|  |TAMS 0x0000000084600000| PB 0x0000000084600000| Updating 
|  70|0x0000000084600000, 0x0000000084700000, 0x0000000084700000|100%| O|  |TAMS 0x0000000084700000| PB 0x0000000084700000| Untracked 
|  71|0x0000000084700000, 0x0000000084800000, 0x0000000084800000|100%|HS|  |TAMS 0x0000000084800000| PB 0x0000000084700000| Complete 
|  72|0x0000000084800000, 0x0000000084900000, 0x0000000084900000|100%| O|  |TAMS 0x0000000084900000| PB 0x0000000084900000| Untracked 
|  73|0x0000000084900000, 0x0000000084a00000, 0x0000000084a00000|100%| O|  |TAMS 0x0000000084a00000| PB 0x0000000084a00000| Untracked 
|  74|0x0000000084a00000, 0x0000000084b00000, 0x0000000084b00000|100%| O|  |TAMS 0x0000000084b00000| PB 0x0000000084b00000| Updating 
|  75|0x0000000084b00000, 0x0000000084c00000, 0x0000000084c00000|100%| O|  |TAMS 0x0000000084c00000| PB 0x0000000084c00000| Untracked 
|  76|0x0000000084c00000, 0x0000000084d00000, 0x0000000084d00000|100%| O|  |TAMS 0x0000000084d00000| PB 0x0000000084d00000| Updating 
|  77|0x0000000084d00000, 0x0000000084e00000, 0x0000000084e00000|100%| O|  |TAMS 0x0000000084e00000| PB 0x0000000084e00000| Untracked 
|  78|0x0000000084e00000, 0x0000000084f00000, 0x0000000084f00000|100%| O|  |TAMS 0x0000000084f00000| PB 0x0000000084f00000| Untracked 
|  79|0x0000000084f00000, 0x0000000085000000, 0x0000000085000000|100%|HS|  |TAMS 0x0000000085000000| PB 0x0000000084f00000| Complete 
|  80|0x0000000085000000, 0x0000000085100000, 0x0000000085100000|100%| O|  |TAMS 0x0000000085100000| PB 0x0000000085100000| Untracked 
|  81|0x0000000085100000, 0x0000000085200000, 0x0000000085200000|100%|HS|  |TAMS 0x0000000085200000| PB 0x0000000085100000| Complete 
|  82|0x0000000085200000, 0x0000000085300000, 0x0000000085300000|100%|HS|  |TAMS 0x0000000085300000| PB 0x0000000085200000| Complete 
|  83|0x0000000085300000, 0x0000000085400000, 0x0000000085400000|100%| O|  |TAMS 0x0000000085400000| PB 0x0000000085400000| Updating 
|  84|0x0000000085400000, 0x0000000085500000, 0x0000000085500000|100%| O|  |TAMS 0x0000000085500000| PB 0x0000000085500000| Untracked 
|  85|0x0000000085500000, 0x0000000085600000, 0x0000000085600000|100%| O|  |TAMS 0x0000000085600000| PB 0x0000000085600000| Untracked 
|  86|0x0000000085600000, 0x0000000085700000, 0x0000000085700000|100%| O|  |TAMS 0x0000000085700000| PB 0x0000000085700000| Untracked 
|  87|0x0000000085700000, 0x0000000085800000, 0x0000000085800000|100%| O|  |TAMS 0x0000000085800000| PB 0x0000000085800000| Untracked 
|  88|0x0000000085800000, 0x0000000085900000, 0x0000000085900000|100%| O|  |TAMS 0x0000000085900000| PB 0x0000000085900000| Untracked 
|  89|0x0000000085900000, 0x0000000085a00000, 0x0000000085a00000|100%| O|  |TAMS 0x0000000085a00000| PB 0x0000000085a00000| Untracked 
|  90|0x0000000085a00000, 0x0000000085b00000, 0x0000000085b00000|100%| O|  |TAMS 0x0000000085b00000| PB 0x0000000085b00000| Untracked 
|  91|0x0000000085b00000, 0x0000000085c00000, 0x0000000085c00000|100%| O|  |TAMS 0x0000000085c00000| PB 0x0000000085c00000| Untracked 
|  92|0x0000000085c00000, 0x0000000085d00000, 0x0000000085d00000|100%| O|  |TAMS 0x0000000085d00000| PB 0x0000000085d00000| Untracked 
|  93|0x0000000085d00000, 0x0000000085e00000, 0x0000000085e00000|100%| O|  |TAMS 0x0000000085e00000| PB 0x0000000085e00000| Updating 
|  94|0x0000000085e00000, 0x0000000085f00000, 0x0000000085f00000|100%| O|  |TAMS 0x0000000085f00000| PB 0x0000000085f00000| Untracked 
|  95|0x0000000085f00000, 0x0000000086000000, 0x0000000086000000|100%|HS|  |TAMS 0x0000000086000000| PB 0x0000000085f00000| Complete 
|  96|0x0000000086000000, 0x0000000086100000, 0x0000000086100000|100%| O|  |TAMS 0x0000000086100000| PB 0x0000000086100000| Untracked 
|  97|0x0000000086100000, 0x0000000086200000, 0x0000000086200000|100%| O|  |TAMS 0x0000000086200000| PB 0x0000000086200000| Updating 
|  98|0x0000000086200000, 0x0000000086300000, 0x0000000086300000|100%| O|  |TAMS 0x0000000086300000| PB 0x0000000086300000| Untracked 
|  99|0x0000000086300000, 0x0000000086400000, 0x0000000086400000|100%| O|  |TAMS 0x0000000086400000| PB 0x0000000086400000| Untracked 
| 100|0x0000000086400000, 0x0000000086500000, 0x0000000086500000|100%| O|  |TAMS 0x0000000086500000| PB 0x0000000086500000| Untracked 
| 101|0x0000000086500000, 0x0000000086600000, 0x0000000086600000|100%| O|  |TAMS 0x0000000086600000| PB 0x0000000086600000| Untracked 
| 102|0x0000000086600000, 0x0000000086700000, 0x0000000086700000|100%| O|  |TAMS 0x0000000086700000| PB 0x0000000086700000| Untracked 
| 103|0x0000000086700000, 0x0000000086800000, 0x0000000086800000|100%| O|  |TAMS 0x0000000086800000| PB 0x0000000086800000| Untracked 
| 104|0x0000000086800000, 0x0000000086900000, 0x0000000086900000|100%| O|  |TAMS 0x0000000086900000| PB 0x0000000086900000| Untracked 
| 105|0x0000000086900000, 0x0000000086a00000, 0x0000000086a00000|100%| O|  |TAMS 0x0000000086a00000| PB 0x0000000086a00000| Untracked 
| 106|0x0000000086a00000, 0x0000000086b00000, 0x0000000086b00000|100%| O|  |TAMS 0x0000000086b00000| PB 0x0000000086b00000| Untracked 
| 107|0x0000000086b00000, 0x0000000086c00000, 0x0000000086c00000|100%|HS|  |TAMS 0x0000000086c00000| PB 0x0000000086b00000| Complete 
| 108|0x0000000086c00000, 0x0000000086d00000, 0x0000000086d00000|100%| O|  |TAMS 0x0000000086d00000| PB 0x0000000086d00000| Untracked 
| 109|0x0000000086d00000, 0x0000000086e00000, 0x0000000086e00000|100%| O|  |TAMS 0x0000000086e00000| PB 0x0000000086e00000| Untracked 
| 110|0x0000000086e00000, 0x0000000086f00000, 0x0000000086f00000|100%| O|  |TAMS 0x0000000086f00000| PB 0x0000000086f00000| Updating 
| 111|0x0000000086f00000, 0x0000000087000000, 0x0000000087000000|100%| O|  |TAMS 0x0000000087000000| PB 0x0000000087000000| Untracked 
| 112|0x0000000087000000, 0x0000000087100000, 0x0000000087100000|100%|HS|  |TAMS 0x0000000087100000| PB 0x0000000087000000| Complete 
| 113|0x0000000087100000, 0x0000000087200000, 0x0000000087200000|100%| O|  |TAMS 0x0000000087200000| PB 0x0000000087200000| Untracked 
| 114|0x0000000087200000, 0x0000000087300000, 0x0000000087300000|100%| O|  |TAMS 0x0000000087300000| PB 0x0000000087300000| Untracked 
| 115|0x0000000087300000, 0x0000000087400000, 0x0000000087400000|100%|HS|  |TAMS 0x0000000087400000| PB 0x0000000087300000| Complete 
| 116|0x0000000087400000, 0x0000000087500000, 0x0000000087500000|100%| O|  |TAMS 0x0000000087500000| PB 0x0000000087500000| Updating 
| 117|0x0000000087500000, 0x0000000087600000, 0x0000000087600000|100%| O|  |TAMS 0x0000000087600000| PB 0x0000000087600000| Untracked 
| 118|0x0000000087600000, 0x0000000087700000, 0x0000000087700000|100%| O|  |TAMS 0x0000000087700000| PB 0x0000000087700000| Untracked 
| 119|0x0000000087700000, 0x0000000087800000, 0x0000000087800000|100%| O|  |TAMS 0x0000000087800000| PB 0x0000000087800000| Untracked 
| 120|0x0000000087800000, 0x0000000087900000, 0x0000000087900000|100%|HS|  |TAMS 0x0000000087900000| PB 0x0000000087800000| Complete 
| 121|0x0000000087900000, 0x0000000087a00000, 0x0000000087a00000|100%| O|  |TAMS 0x0000000087a00000| PB 0x0000000087a00000| Updating 
| 122|0x0000000087a00000, 0x0000000087b00000, 0x0000000087b00000|100%| O|  |TAMS 0x0000000087b00000| PB 0x0000000087b00000| Updating 
| 123|0x0000000087b00000, 0x0000000087c00000, 0x0000000087c00000|100%| O|  |TAMS 0x0000000087c00000| PB 0x0000000087c00000| Untracked 
| 124|0x0000000087c00000, 0x0000000087d00000, 0x0000000087d00000|100%| O|  |TAMS 0x0000000087d00000| PB 0x0000000087d00000| Updating 
| 125|0x0000000087d00000, 0x0000000087e00000, 0x0000000087e00000|100%| O|  |TAMS 0x0000000087e00000| PB 0x0000000087e00000| Updating 
| 126|0x0000000087e00000, 0x0000000087f00000, 0x0000000087f00000|100%| O|  |TAMS 0x0000000087f00000| PB 0x0000000087f00000| Untracked 
| 127|0x0000000087f00000, 0x0000000088000000, 0x0000000088000000|100%| O|  |TAMS 0x0000000088000000| PB 0x0000000088000000| Untracked 
| 128|0x0000000088000000, 0x0000000088100000, 0x0000000088100000|100%| O|  |TAMS 0x0000000088100000| PB 0x0000000088100000| Untracked 
| 129|0x0000000088100000, 0x0000000088200000, 0x0000000088200000|100%| O|  |TAMS 0x0000000088200000| PB 0x0000000088200000| Untracked 
| 130|0x0000000088200000, 0x0000000088300000, 0x0000000088300000|100%| O|  |TAMS 0x0000000088300000| PB 0x0000000088300000| Untracked 
| 131|0x0000000088300000, 0x0000000088400000, 0x0000000088400000|100%| O|  |TAMS 0x0000000088400000| PB 0x0000000088400000| Untracked 
| 132|0x0000000088400000, 0x0000000088500000, 0x0000000088500000|100%| O|  |TAMS 0x0000000088500000| PB 0x0000000088500000| Untracked 
| 133|0x0000000088500000, 0x0000000088600000, 0x0000000088600000|100%| O|  |TAMS 0x0000000088600000| PB 0x0000000088600000| Untracked 
| 134|0x0000000088600000, 0x0000000088700000, 0x0000000088700000|100%| O|  |TAMS 0x0000000088700000| PB 0x0000000088700000| Untracked 
| 135|0x0000000088700000, 0x0000000088800000, 0x0000000088800000|100%| O|  |TAMS 0x0000000088800000| PB 0x0000000088800000| Untracked 
| 136|0x0000000088800000, 0x0000000088900000, 0x0000000088900000|100%| O|  |TAMS 0x0000000088900000| PB 0x0000000088900000| Untracked 
| 137|0x0000000088900000, 0x0000000088a00000, 0x0000000088a00000|100%| O|  |TAMS 0x0000000088a00000| PB 0x0000000088a00000| Untracked 
| 138|0x0000000088a00000, 0x0000000088b00000, 0x0000000088b00000|100%| O|  |TAMS 0x0000000088b00000| PB 0x0000000088b00000| Untracked 
| 139|0x0000000088b00000, 0x0000000088c00000, 0x0000000088c00000|100%| O|  |TAMS 0x0000000088c00000| PB 0x0000000088c00000| Updating 
| 140|0x0000000088c00000, 0x0000000088d00000, 0x0000000088d00000|100%| O|  |TAMS 0x0000000088d00000| PB 0x0000000088d00000| Untracked 
| 141|0x0000000088d00000, 0x0000000088e00000, 0x0000000088e00000|100%| O|  |TAMS 0x0000000088e00000| PB 0x0000000088e00000| Updating 
| 142|0x0000000088e00000, 0x0000000088f00000, 0x0000000088f00000|100%| O|  |TAMS 0x0000000088f00000| PB 0x0000000088f00000| Untracked 
| 143|0x0000000088f00000, 0x0000000089000000, 0x0000000089000000|100%|HS|  |TAMS 0x0000000089000000| PB 0x0000000088f00000| Complete 
| 144|0x0000000089000000, 0x0000000089100000, 0x0000000089100000|100%| O|  |TAMS 0x0000000089100000| PB 0x0000000089100000| Updating 
| 145|0x0000000089100000, 0x0000000089200000, 0x0000000089200000|100%| O|  |TAMS 0x0000000089200000| PB 0x0000000089200000| Untracked 
| 146|0x0000000089200000, 0x0000000089300000, 0x0000000089300000|100%|HS|  |TAMS 0x0000000089300000| PB 0x0000000089200000| Complete 
| 147|0x0000000089300000, 0x0000000089400000, 0x0000000089400000|100%| O|  |TAMS 0x0000000089400000| PB 0x0000000089400000| Untracked 
| 148|0x0000000089400000, 0x0000000089500000, 0x0000000089500000|100%| O|  |TAMS 0x0000000089500000| PB 0x0000000089500000| Untracked 
| 149|0x0000000089500000, 0x0000000089600000, 0x0000000089600000|100%|HS|  |TAMS 0x0000000089600000| PB 0x0000000089500000| Complete 
| 150|0x0000000089600000, 0x0000000089700000, 0x0000000089700000|100%| O|  |TAMS 0x0000000089700000| PB 0x0000000089700000| Untracked 
| 151|0x0000000089700000, 0x0000000089800000, 0x0000000089800000|100%|HS|  |TAMS 0x0000000089800000| PB 0x0000000089700000| Complete 
| 152|0x0000000089800000, 0x0000000089900000, 0x0000000089900000|100%| O|  |TAMS 0x0000000089900000| PB 0x0000000089900000| Untracked 
| 153|0x0000000089900000, 0x0000000089a00000, 0x0000000089a00000|100%| O|  |TAMS 0x0000000089a00000| PB 0x0000000089a00000| Untracked 
| 154|0x0000000089a00000, 0x0000000089b00000, 0x0000000089b00000|100%| O|  |TAMS 0x0000000089b00000| PB 0x0000000089b00000| Untracked 
| 155|0x0000000089b00000, 0x0000000089c00000, 0x0000000089c00000|100%| O|  |TAMS 0x0000000089c00000| PB 0x0000000089c00000| Untracked 
| 156|0x0000000089c00000, 0x0000000089d00000, 0x0000000089d00000|100%| O|  |TAMS 0x0000000089d00000| PB 0x0000000089d00000| Untracked 
| 157|0x0000000089d00000, 0x0000000089e00000, 0x0000000089e00000|100%| O|  |TAMS 0x0000000089e00000| PB 0x0000000089e00000| Untracked 
| 158|0x0000000089e00000, 0x0000000089f00000, 0x0000000089f00000|100%| O|  |TAMS 0x0000000089f00000| PB 0x0000000089f00000| Untracked 
| 159|0x0000000089f00000, 0x000000008a000000, 0x000000008a000000|100%|HS|  |TAMS 0x000000008a000000| PB 0x0000000089f00000| Complete 
| 160|0x000000008a000000, 0x000000008a100000, 0x000000008a100000|100%| O|  |TAMS 0x000000008a100000| PB 0x000000008a100000| Untracked 
| 161|0x000000008a100000, 0x000000008a200000, 0x000000008a200000|100%| O|  |TAMS 0x000000008a200000| PB 0x000000008a200000| Untracked 
| 162|0x000000008a200000, 0x000000008a300000, 0x000000008a300000|100%| O|  |TAMS 0x000000008a300000| PB 0x000000008a300000| Untracked 
| 163|0x000000008a300000, 0x000000008a400000, 0x000000008a400000|100%| O|  |TAMS 0x000000008a400000| PB 0x000000008a400000| Untracked 
| 164|0x000000008a400000, 0x000000008a500000, 0x000000008a500000|100%| O|  |TAMS 0x000000008a500000| PB 0x000000008a500000| Untracked 
| 165|0x000000008a500000, 0x000000008a600000, 0x000000008a600000|100%| O|  |TAMS 0x000000008a600000| PB 0x000000008a600000| Updating 
| 166|0x000000008a600000, 0x000000008a700000, 0x000000008a700000|100%| O|  |TAMS 0x000000008a700000| PB 0x000000008a700000| Untracked 
| 167|0x000000008a700000, 0x000000008a800000, 0x000000008a800000|100%| O|  |TAMS 0x000000008a800000| PB 0x000000008a800000| Untracked 
| 168|0x000000008a800000, 0x000000008a900000, 0x000000008a900000|100%| O|  |TAMS 0x000000008a900000| PB 0x000000008a900000| Untracked 
| 169|0x000000008a900000, 0x000000008aa00000, 0x000000008aa00000|100%| O|  |TAMS 0x000000008aa00000| PB 0x000000008aa00000| Untracked 
| 170|0x000000008aa00000, 0x000000008ab00000, 0x000000008ab00000|100%|HS|  |TAMS 0x000000008ab00000| PB 0x000000008aa00000| Complete 
| 171|0x000000008ab00000, 0x000000008ac00000, 0x000000008ac00000|100%| O|  |TAMS 0x000000008ac00000| PB 0x000000008ac00000| Untracked 
| 172|0x000000008ac00000, 0x000000008ad00000, 0x000000008ad00000|100%| O|  |TAMS 0x000000008ad00000| PB 0x000000008ad00000| Untracked 
| 173|0x000000008ad00000, 0x000000008ae00000, 0x000000008ae00000|100%|HS|  |TAMS 0x000000008ae00000| PB 0x000000008ad00000| Complete 
| 174|0x000000008ae00000, 0x000000008af00000, 0x000000008af00000|100%|HS|  |TAMS 0x000000008af00000| PB 0x000000008ae00000| Complete 
| 175|0x000000008af00000, 0x000000008b000000, 0x000000008b000000|100%|HS|  |TAMS 0x000000008b000000| PB 0x000000008af00000| Complete 
| 176|0x000000008b000000, 0x000000008b100000, 0x000000008b100000|100%| O|  |TAMS 0x000000008b100000| PB 0x000000008b100000| Untracked 
| 177|0x000000008b100000, 0x000000008b200000, 0x000000008b200000|100%| O|  |TAMS 0x000000008b200000| PB 0x000000008b200000| Untracked 
| 178|0x000000008b200000, 0x000000008b300000, 0x000000008b300000|100%|HS|  |TAMS 0x000000008b300000| PB 0x000000008b200000| Complete 
| 179|0x000000008b300000, 0x000000008b400000, 0x000000008b400000|100%|HS|  |TAMS 0x000000008b400000| PB 0x000000008b300000| Complete 
| 180|0x000000008b400000, 0x000000008b500000, 0x000000008b500000|100%|HS|  |TAMS 0x000000008b500000| PB 0x000000008b400000| Complete 
| 181|0x000000008b500000, 0x000000008b600000, 0x000000008b600000|100%| O|  |TAMS 0x000000008b600000| PB 0x000000008b600000| Untracked 
| 182|0x000000008b600000, 0x000000008b700000, 0x000000008b700000|100%| O|  |TAMS 0x000000008b700000| PB 0x000000008b700000| Untracked 
| 183|0x000000008b700000, 0x000000008b800000, 0x000000008b800000|100%|HS|  |TAMS 0x000000008b800000| PB 0x000000008b700000| Complete 
| 184|0x000000008b800000, 0x000000008b900000, 0x000000008b900000|100%| O|  |TAMS 0x000000008b900000| PB 0x000000008b900000| Untracked 
| 185|0x000000008b900000, 0x000000008ba00000, 0x000000008ba00000|100%| O|  |TAMS 0x000000008ba00000| PB 0x000000008ba00000| Untracked 
| 186|0x000000008ba00000, 0x000000008bb00000, 0x000000008bb00000|100%| O|  |TAMS 0x000000008bb00000| PB 0x000000008bb00000| Untracked 
| 187|0x000000008bb00000, 0x000000008bc00000, 0x000000008bc00000|100%| O|  |TAMS 0x000000008bc00000| PB 0x000000008bc00000| Untracked 
| 188|0x000000008bc00000, 0x000000008bd00000, 0x000000008bd00000|100%| O|  |TAMS 0x000000008bd00000| PB 0x000000008bd00000| Untracked 
| 189|0x000000008bd00000, 0x000000008be00000, 0x000000008be00000|100%| O|  |TAMS 0x000000008be00000| PB 0x000000008be00000| Untracked 
| 190|0x000000008be00000, 0x000000008bf00000, 0x000000008bf00000|100%|HS|  |TAMS 0x000000008bf00000| PB 0x000000008be00000| Complete 
| 191|0x000000008bf00000, 0x000000008c000000, 0x000000008c000000|100%| O|  |TAMS 0x000000008c000000| PB 0x000000008c000000| Untracked 
| 192|0x000000008c000000, 0x000000008c100000, 0x000000008c100000|100%| O|  |TAMS 0x000000008c100000| PB 0x000000008c100000| Untracked 
| 193|0x000000008c100000, 0x000000008c200000, 0x000000008c200000|100%|HS|  |TAMS 0x000000008c200000| PB 0x000000008c100000| Complete 
| 194|0x000000008c200000, 0x000000008c300000, 0x000000008c300000|100%| O|  |TAMS 0x000000008c300000| PB 0x000000008c300000| Untracked 
| 195|0x000000008c300000, 0x000000008c400000, 0x000000008c400000|100%| O|  |TAMS 0x000000008c400000| PB 0x000000008c400000| Untracked 
| 196|0x000000008c400000, 0x000000008c500000, 0x000000008c500000|100%| O|  |TAMS 0x000000008c500000| PB 0x000000008c500000| Untracked 
| 197|0x000000008c500000, 0x000000008c600000, 0x000000008c600000|100%| O|  |TAMS 0x000000008c600000| PB 0x000000008c600000| Untracked 
| 198|0x000000008c600000, 0x000000008c700000, 0x000000008c700000|100%|HS|  |TAMS 0x000000008c700000| PB 0x000000008c600000| Complete 
| 199|0x000000008c700000, 0x000000008c800000, 0x000000008c800000|100%|HC|  |TAMS 0x000000008c800000| PB 0x000000008c700000| Complete 
| 200|0x000000008c800000, 0x000000008c900000, 0x000000008c900000|100%| O|  |TAMS 0x000000008c900000| PB 0x000000008c900000| Untracked 
| 201|0x000000008c900000, 0x000000008ca00000, 0x000000008ca00000|100%| O|  |TAMS 0x000000008ca00000| PB 0x000000008ca00000| Untracked 
| 202|0x000000008ca00000, 0x000000008cb00000, 0x000000008cb00000|100%| O|  |TAMS 0x000000008cb00000| PB 0x000000008cb00000| Untracked 
| 203|0x000000008cb00000, 0x000000008cc00000, 0x000000008cc00000|100%| O|  |TAMS 0x000000008cc00000| PB 0x000000008cc00000| Untracked 
| 204|0x000000008cc00000, 0x000000008cd00000, 0x000000008cd00000|100%| O|  |TAMS 0x000000008cd00000| PB 0x000000008cd00000| Untracked 
| 205|0x000000008cd00000, 0x000000008ce00000, 0x000000008ce00000|100%| O|  |TAMS 0x000000008ce00000| PB 0x000000008ce00000| Untracked 
| 206|0x000000008ce00000, 0x000000008cf00000, 0x000000008cf00000|100%| O|  |TAMS 0x000000008cf00000| PB 0x000000008cf00000| Untracked 
| 207|0x000000008cf00000, 0x000000008d000000, 0x000000008d000000|100%| O|  |TAMS 0x000000008d000000| PB 0x000000008d000000| Untracked 
| 208|0x000000008d000000, 0x000000008d100000, 0x000000008d100000|100%| O|  |TAMS 0x000000008d100000| PB 0x000000008d100000| Untracked 
| 209|0x000000008d100000, 0x000000008d200000, 0x000000008d200000|100%| O|  |TAMS 0x000000008d200000| PB 0x000000008d200000| Untracked 
| 210|0x000000008d200000, 0x000000008d300000, 0x000000008d300000|100%| O|  |TAMS 0x000000008d300000| PB 0x000000008d300000| Untracked 
| 211|0x000000008d300000, 0x000000008d400000, 0x000000008d400000|100%| O|  |TAMS 0x000000008d400000| PB 0x000000008d400000| Untracked 
| 212|0x000000008d400000, 0x000000008d500000, 0x000000008d500000|100%| O|  |TAMS 0x000000008d500000| PB 0x000000008d500000| Untracked 
| 213|0x000000008d500000, 0x000000008d600000, 0x000000008d600000|100%| O|  |TAMS 0x000000008d600000| PB 0x000000008d600000| Untracked 
| 214|0x000000008d600000, 0x000000008d700000, 0x000000008d700000|100%| O|  |TAMS 0x000000008d700000| PB 0x000000008d700000| Untracked 
| 215|0x000000008d700000, 0x000000008d800000, 0x000000008d800000|100%| O|  |TAMS 0x000000008d800000| PB 0x000000008d800000| Untracked 
| 216|0x000000008d800000, 0x000000008d900000, 0x000000008d900000|100%| O|  |TAMS 0x000000008d900000| PB 0x000000008d900000| Untracked 
| 217|0x000000008d900000, 0x000000008da00000, 0x000000008da00000|100%| O|  |TAMS 0x000000008da00000| PB 0x000000008da00000| Untracked 
| 218|0x000000008da00000, 0x000000008db00000, 0x000000008db00000|100%| O|  |TAMS 0x000000008db00000| PB 0x000000008db00000| Updating 
| 219|0x000000008db00000, 0x000000008dc00000, 0x000000008dc00000|100%| O|  |TAMS 0x000000008dc00000| PB 0x000000008dc00000| Untracked 
| 220|0x000000008dc00000, 0x000000008dd00000, 0x000000008dd00000|100%| O|  |TAMS 0x000000008dd00000| PB 0x000000008dd00000| Untracked 
| 221|0x000000008dd00000, 0x000000008de00000, 0x000000008de00000|100%| O|  |TAMS 0x000000008de00000| PB 0x000000008de00000| Untracked 
| 222|0x000000008de00000, 0x000000008df00000, 0x000000008df00000|100%| O|  |TAMS 0x000000008df00000| PB 0x000000008df00000| Untracked 
| 223|0x000000008df00000, 0x000000008e000000, 0x000000008e000000|100%| O|  |TAMS 0x000000008e000000| PB 0x000000008e000000| Untracked 
| 224|0x000000008e000000, 0x000000008e100000, 0x000000008e100000|100%|HS|  |TAMS 0x000000008e100000| PB 0x000000008e000000| Complete 
| 225|0x000000008e100000, 0x000000008e200000, 0x000000008e200000|100%|HS|  |TAMS 0x000000008e200000| PB 0x000000008e100000| Complete 
| 226|0x000000008e200000, 0x000000008e300000, 0x000000008e300000|100%| O|  |TAMS 0x000000008e300000| PB 0x000000008e300000| Untracked 
| 227|0x000000008e300000, 0x000000008e400000, 0x000000008e400000|100%| O|  |TAMS 0x000000008e400000| PB 0x000000008e400000| Untracked 
| 228|0x000000008e400000, 0x000000008e500000, 0x000000008e500000|100%| O|  |TAMS 0x000000008e500000| PB 0x000000008e500000| Untracked 
| 229|0x000000008e500000, 0x000000008e600000, 0x000000008e600000|100%| O|  |TAMS 0x000000008e600000| PB 0x000000008e600000| Untracked 
| 230|0x000000008e600000, 0x000000008e700000, 0x000000008e700000|100%| O|  |TAMS 0x000000008e700000| PB 0x000000008e700000| Updating 
| 231|0x000000008e700000, 0x000000008e700000, 0x000000008e800000|  0%| F|  |TAMS 0x000000008e700000| PB 0x000000008e700000| Untracked 
| 232|0x000000008e800000, 0x000000008e900000, 0x000000008e900000|100%| O|  |TAMS 0x000000008e900000| PB 0x000000008e900000| Untracked 
| 233|0x000000008e900000, 0x000000008ea00000, 0x000000008ea00000|100%| O|  |TAMS 0x000000008ea00000| PB 0x000000008ea00000| Untracked 
| 234|0x000000008ea00000, 0x000000008eb00000, 0x000000008eb00000|100%| O|  |TAMS 0x000000008eb00000| PB 0x000000008eb00000| Untracked 
| 235|0x000000008eb00000, 0x000000008ec00000, 0x000000008ec00000|100%| O|  |TAMS 0x000000008ec00000| PB 0x000000008ec00000| Untracked 
| 236|0x000000008ec00000, 0x000000008ed00000, 0x000000008ed00000|100%| O|  |TAMS 0x000000008ed00000| PB 0x000000008ed00000| Untracked 
| 237|0x000000008ed00000, 0x000000008ee00000, 0x000000008ee00000|100%| O|  |TAMS 0x000000008ee00000| PB 0x000000008ee00000| Untracked 
| 238|0x000000008ee00000, 0x000000008ef00000, 0x000000008ef00000|100%| O|  |TAMS 0x000000008ef00000| PB 0x000000008ef00000| Untracked 
| 239|0x000000008ef00000, 0x000000008f000000, 0x000000008f000000|100%|HS|  |TAMS 0x000000008f000000| PB 0x000000008ef00000| Complete 
| 240|0x000000008f000000, 0x000000008f100000, 0x000000008f100000|100%|HS|  |TAMS 0x000000008f100000| PB 0x000000008f000000| Complete 
| 241|0x000000008f100000, 0x000000008f200000, 0x000000008f200000|100%| O|  |TAMS 0x000000008f200000| PB 0x000000008f200000| Untracked 
| 242|0x000000008f200000, 0x000000008f300000, 0x000000008f300000|100%| O|  |TAMS 0x000000008f300000| PB 0x000000008f300000| Untracked 
| 243|0x000000008f300000, 0x000000008f400000, 0x000000008f400000|100%|HS|  |TAMS 0x000000008f400000| PB 0x000000008f300000| Complete 
| 244|0x000000008f400000, 0x000000008f500000, 0x000000008f500000|100%| O|  |TAMS 0x000000008f500000| PB 0x000000008f500000| Untracked 
| 245|0x000000008f500000, 0x000000008f600000, 0x000000008f600000|100%| O|  |TAMS 0x000000008f600000| PB 0x000000008f600000| Untracked 
| 246|0x000000008f600000, 0x000000008f700000, 0x000000008f700000|100%|HS|  |TAMS 0x000000008f700000| PB 0x000000008f600000| Complete 
| 247|0x000000008f700000, 0x000000008f800000, 0x000000008f800000|100%|HS|  |TAMS 0x000000008f800000| PB 0x000000008f700000| Complete 
| 248|0x000000008f800000, 0x000000008f900000, 0x000000008f900000|100%| O|  |TAMS 0x000000008f900000| PB 0x000000008f900000| Untracked 
| 249|0x000000008f900000, 0x000000008fa00000, 0x000000008fa00000|100%| O|  |TAMS 0x000000008fa00000| PB 0x000000008fa00000| Untracked 
| 250|0x000000008fa00000, 0x000000008fb00000, 0x000000008fb00000|100%|HS|  |TAMS 0x000000008fb00000| PB 0x000000008fa00000| Complete 
| 251|0x000000008fb00000, 0x000000008fc00000, 0x000000008fc00000|100%| O|  |TAMS 0x000000008fc00000| PB 0x000000008fc00000| Untracked 
| 252|0x000000008fc00000, 0x000000008fd00000, 0x000000008fd00000|100%| O|  |TAMS 0x000000008fd00000| PB 0x000000008fd00000| Untracked 
| 253|0x000000008fd00000, 0x000000008fe00000, 0x000000008fe00000|100%| O|  |TAMS 0x000000008fe00000| PB 0x000000008fe00000| Untracked 
| 254|0x000000008fe00000, 0x000000008ff00000, 0x000000008ff00000|100%| O|  |TAMS 0x000000008ff00000| PB 0x000000008ff00000| Untracked 
| 255|0x000000008ff00000, 0x0000000090000000, 0x0000000090000000|100%|HS|  |TAMS 0x0000000090000000| PB 0x000000008ff00000| Complete 
| 256|0x0000000090000000, 0x0000000090100000, 0x0000000090100000|100%| O|  |TAMS 0x0000000090100000| PB 0x0000000090100000| Untracked 
| 257|0x0000000090100000, 0x0000000090200000, 0x0000000090200000|100%| O|  |TAMS 0x0000000090200000| PB 0x0000000090200000| Untracked 
| 258|0x0000000090200000, 0x0000000090300000, 0x0000000090300000|100%|HS|  |TAMS 0x0000000090300000| PB 0x0000000090200000| Complete 
| 259|0x0000000090300000, 0x0000000090400000, 0x0000000090400000|100%| O|  |TAMS 0x0000000090400000| PB 0x0000000090400000| Untracked 
| 260|0x0000000090400000, 0x0000000090500000, 0x0000000090500000|100%| O|  |TAMS 0x0000000090500000| PB 0x0000000090500000| Untracked 
| 261|0x0000000090500000, 0x0000000090600000, 0x0000000090600000|100%| O|  |TAMS 0x0000000090600000| PB 0x0000000090600000| Untracked 
| 262|0x0000000090600000, 0x0000000090700000, 0x0000000090700000|100%| O|  |TAMS 0x0000000090700000| PB 0x0000000090700000| Untracked 
| 263|0x0000000090700000, 0x0000000090800000, 0x0000000090800000|100%| O|  |TAMS 0x0000000090800000| PB 0x0000000090800000| Untracked 
| 264|0x0000000090800000, 0x0000000090900000, 0x0000000090900000|100%| O|  |TAMS 0x0000000090900000| PB 0x0000000090900000| Untracked 
| 265|0x0000000090900000, 0x0000000090a00000, 0x0000000090a00000|100%| O|  |TAMS 0x0000000090a00000| PB 0x0000000090a00000| Untracked 
| 266|0x0000000090a00000, 0x0000000090b00000, 0x0000000090b00000|100%| O|  |TAMS 0x0000000090b00000| PB 0x0000000090b00000| Untracked 
| 267|0x0000000090b00000, 0x0000000090c00000, 0x0000000090c00000|100%| O|  |TAMS 0x0000000090c00000| PB 0x0000000090c00000| Updating 
| 268|0x0000000090c00000, 0x0000000090d00000, 0x0000000090d00000|100%| O|  |TAMS 0x0000000090d00000| PB 0x0000000090d00000| Untracked 
| 269|0x0000000090d00000, 0x0000000090e00000, 0x0000000090e00000|100%| O|  |TAMS 0x0000000090e00000| PB 0x0000000090e00000| Untracked 
| 270|0x0000000090e00000, 0x0000000090e00000, 0x0000000090f00000|  0%| F|  |TAMS 0x0000000090e00000| PB 0x0000000090e00000| Untracked 
| 271|0x0000000090f00000, 0x0000000091000000, 0x0000000091000000|100%| O|  |TAMS 0x0000000091000000| PB 0x0000000091000000| Untracked 
| 272|0x0000000091000000, 0x0000000091100000, 0x0000000091100000|100%|HS|  |TAMS 0x0000000091100000| PB 0x0000000091000000| Complete 
| 273|0x0000000091100000, 0x0000000091100000, 0x0000000091200000|  0%| F|  |TAMS 0x0000000091100000| PB 0x0000000091100000| Untracked 
| 274|0x0000000091200000, 0x0000000091300000, 0x0000000091300000|100%| O|  |TAMS 0x0000000091300000| PB 0x0000000091300000| Untracked 
| 275|0x0000000091300000, 0x0000000091400000, 0x0000000091400000|100%| O|  |TAMS 0x0000000091400000| PB 0x0000000091400000| Untracked 
| 276|0x0000000091400000, 0x0000000091500000, 0x0000000091500000|100%| O|  |TAMS 0x0000000091500000| PB 0x0000000091500000| Untracked 
| 277|0x0000000091500000, 0x0000000091600000, 0x0000000091600000|100%| O|  |TAMS 0x0000000091600000| PB 0x0000000091600000| Untracked 
| 278|0x0000000091600000, 0x0000000091700000, 0x0000000091700000|100%| O|  |TAMS 0x0000000091700000| PB 0x0000000091700000| Untracked 
| 279|0x0000000091700000, 0x0000000091800000, 0x0000000091800000|100%|HS|  |TAMS 0x0000000091800000| PB 0x0000000091700000| Complete 
| 280|0x0000000091800000, 0x0000000091900000, 0x0000000091900000|100%| O|  |TAMS 0x0000000091900000| PB 0x0000000091900000| Updating 
| 281|0x0000000091900000, 0x0000000091a00000, 0x0000000091a00000|100%| O|  |TAMS 0x0000000091a00000| PB 0x0000000091a00000| Untracked 
| 282|0x0000000091a00000, 0x0000000091b00000, 0x0000000091b00000|100%| O|  |TAMS 0x0000000091b00000| PB 0x0000000091b00000| Untracked 
| 283|0x0000000091b00000, 0x0000000091c00000, 0x0000000091c00000|100%| O|  |TAMS 0x0000000091c00000| PB 0x0000000091c00000| Updating 
| 284|0x0000000091c00000, 0x0000000091d00000, 0x0000000091d00000|100%| O|  |TAMS 0x0000000091d00000| PB 0x0000000091d00000| Untracked 
| 285|0x0000000091d00000, 0x0000000091e00000, 0x0000000091e00000|100%| O|  |TAMS 0x0000000091e00000| PB 0x0000000091e00000| Updating 
| 286|0x0000000091e00000, 0x0000000091f00000, 0x0000000091f00000|100%| O|  |TAMS 0x0000000091f00000| PB 0x0000000091f00000| Updating 
| 287|0x0000000091f00000, 0x0000000092000000, 0x0000000092000000|100%| O|  |TAMS 0x0000000092000000| PB 0x0000000092000000| Untracked 
| 288|0x0000000092000000, 0x0000000092100000, 0x0000000092100000|100%| O|  |TAMS 0x0000000092100000| PB 0x0000000092100000| Untracked 
| 289|0x0000000092100000, 0x0000000092100000, 0x0000000092200000|  0%| F|  |TAMS 0x0000000092100000| PB 0x0000000092100000| Untracked 
| 290|0x0000000092200000, 0x0000000092300000, 0x0000000092300000|100%| O|  |TAMS 0x0000000092300000| PB 0x0000000092300000| Untracked 
| 291|0x0000000092300000, 0x0000000092400000, 0x0000000092400000|100%| O|  |TAMS 0x0000000092400000| PB 0x0000000092400000| Untracked 
| 292|0x0000000092400000, 0x0000000092500000, 0x0000000092500000|100%| O|  |TAMS 0x0000000092500000| PB 0x0000000092500000| Untracked 
| 293|0x0000000092500000, 0x0000000092600000, 0x0000000092600000|100%| O|  |TAMS 0x0000000092600000| PB 0x0000000092600000| Untracked 
| 294|0x0000000092600000, 0x0000000092700000, 0x0000000092700000|100%| O|  |TAMS 0x0000000092700000| PB 0x0000000092700000| Untracked 
| 295|0x0000000092700000, 0x0000000092800000, 0x0000000092800000|100%| O|  |TAMS 0x0000000092800000| PB 0x0000000092800000| Untracked 
| 296|0x0000000092800000, 0x0000000092900000, 0x0000000092900000|100%| O|  |TAMS 0x0000000092900000| PB 0x0000000092900000| Untracked 
| 297|0x0000000092900000, 0x0000000092a00000, 0x0000000092a00000|100%| O|  |TAMS 0x0000000092a00000| PB 0x0000000092a00000| Untracked 
| 298|0x0000000092a00000, 0x0000000092b00000, 0x0000000092b00000|100%| O|  |TAMS 0x0000000092b00000| PB 0x0000000092b00000| Untracked 
| 299|0x0000000092b00000, 0x0000000092c00000, 0x0000000092c00000|100%| O|  |TAMS 0x0000000092c00000| PB 0x0000000092c00000| Untracked 
| 300|0x0000000092c00000, 0x0000000092d00000, 0x0000000092d00000|100%| O|  |TAMS 0x0000000092d00000| PB 0x0000000092d00000| Untracked 
| 301|0x0000000092d00000, 0x0000000092e00000, 0x0000000092e00000|100%| O|  |TAMS 0x0000000092e00000| PB 0x0000000092e00000| Untracked 
| 302|0x0000000092e00000, 0x0000000092f00000, 0x0000000092f00000|100%| O|  |TAMS 0x0000000092f00000| PB 0x0000000092f00000| Untracked 
| 303|0x0000000092f00000, 0x0000000093000000, 0x0000000093000000|100%| O|  |TAMS 0x0000000093000000| PB 0x0000000093000000| Untracked 
| 304|0x0000000093000000, 0x0000000093100000, 0x0000000093100000|100%| O|  |TAMS 0x0000000093100000| PB 0x0000000093100000| Untracked 
| 305|0x0000000093100000, 0x0000000093200000, 0x0000000093200000|100%| O|  |TAMS 0x0000000093200000| PB 0x0000000093200000| Untracked 
| 306|0x0000000093200000, 0x0000000093300000, 0x0000000093300000|100%| O|  |TAMS 0x0000000093300000| PB 0x0000000093300000| Untracked 
| 307|0x0000000093300000, 0x0000000093400000, 0x0000000093400000|100%| O|  |TAMS 0x0000000093400000| PB 0x0000000093400000| Untracked 
| 308|0x0000000093400000, 0x0000000093500000, 0x0000000093500000|100%| O|  |TAMS 0x0000000093500000| PB 0x0000000093500000| Untracked 
| 309|0x0000000093500000, 0x0000000093600000, 0x0000000093600000|100%| O|  |TAMS 0x0000000093600000| PB 0x0000000093600000| Untracked 
| 310|0x0000000093600000, 0x0000000093700000, 0x0000000093700000|100%| O|  |TAMS 0x0000000093700000| PB 0x0000000093700000| Untracked 
| 311|0x0000000093700000, 0x0000000093800000, 0x0000000093800000|100%| O|  |TAMS 0x0000000093800000| PB 0x0000000093800000| Untracked 
| 312|0x0000000093800000, 0x0000000093900000, 0x0000000093900000|100%| O|  |TAMS 0x0000000093900000| PB 0x0000000093900000| Untracked 
| 313|0x0000000093900000, 0x0000000093a00000, 0x0000000093a00000|100%| O|  |TAMS 0x0000000093a00000| PB 0x0000000093a00000| Untracked 
| 314|0x0000000093a00000, 0x0000000093b00000, 0x0000000093b00000|100%| O|  |TAMS 0x0000000093b00000| PB 0x0000000093b00000| Untracked 
| 315|0x0000000093b00000, 0x0000000093c00000, 0x0000000093c00000|100%| O|  |TAMS 0x0000000093c00000| PB 0x0000000093c00000| Untracked 
| 316|0x0000000093c00000, 0x0000000093d00000, 0x0000000093d00000|100%| O|  |TAMS 0x0000000093d00000| PB 0x0000000093d00000| Untracked 
| 317|0x0000000093d00000, 0x0000000093e00000, 0x0000000093e00000|100%| O|  |TAMS 0x0000000093e00000| PB 0x0000000093e00000| Untracked 
| 318|0x0000000093e00000, 0x0000000093f00000, 0x0000000093f00000|100%| O|  |TAMS 0x0000000093f00000| PB 0x0000000093f00000| Untracked 
| 319|0x0000000093f00000, 0x0000000094000000, 0x0000000094000000|100%| O|  |TAMS 0x0000000094000000| PB 0x0000000094000000| Untracked 
| 320|0x0000000094000000, 0x0000000094100000, 0x0000000094100000|100%| O|  |TAMS 0x0000000094100000| PB 0x0000000094100000| Untracked 
| 321|0x0000000094100000, 0x0000000094200000, 0x0000000094200000|100%| O|  |TAMS 0x0000000094200000| PB 0x0000000094200000| Untracked 
| 322|0x0000000094200000, 0x0000000094300000, 0x0000000094300000|100%| O|  |TAMS 0x0000000094300000| PB 0x0000000094300000| Untracked 
| 323|0x0000000094300000, 0x0000000094400000, 0x0000000094400000|100%| O|  |TAMS 0x0000000094400000| PB 0x0000000094400000| Untracked 
| 324|0x0000000094400000, 0x0000000094500000, 0x0000000094500000|100%| O|  |TAMS 0x0000000094500000| PB 0x0000000094500000| Untracked 
| 325|0x0000000094500000, 0x0000000094600000, 0x0000000094600000|100%|HS|  |TAMS 0x0000000094600000| PB 0x0000000094500000| Complete 
| 326|0x0000000094600000, 0x0000000094700000, 0x0000000094700000|100%| O|  |TAMS 0x0000000094700000| PB 0x0000000094700000| Untracked 
| 327|0x0000000094700000, 0x0000000094800000, 0x0000000094800000|100%| O|  |TAMS 0x0000000094800000| PB 0x0000000094800000| Untracked 
| 328|0x0000000094800000, 0x0000000094900000, 0x0000000094900000|100%| O|  |TAMS 0x0000000094900000| PB 0x0000000094900000| Untracked 
| 329|0x0000000094900000, 0x0000000094a00000, 0x0000000094a00000|100%| O|  |TAMS 0x0000000094a00000| PB 0x0000000094a00000| Untracked 
| 330|0x0000000094a00000, 0x0000000094b00000, 0x0000000094b00000|100%| O|  |TAMS 0x0000000094b00000| PB 0x0000000094b00000| Untracked 
| 331|0x0000000094b00000, 0x0000000094c00000, 0x0000000094c00000|100%| O|  |TAMS 0x0000000094c00000| PB 0x0000000094c00000| Untracked 
| 332|0x0000000094c00000, 0x0000000094d00000, 0x0000000094d00000|100%| O|  |TAMS 0x0000000094d00000| PB 0x0000000094d00000| Untracked 
| 333|0x0000000094d00000, 0x0000000094e00000, 0x0000000094e00000|100%| O|  |TAMS 0x0000000094e00000| PB 0x0000000094e00000| Untracked 
| 334|0x0000000094e00000, 0x0000000094f00000, 0x0000000094f00000|100%| O|  |TAMS 0x0000000094f00000| PB 0x0000000094f00000| Untracked 
| 335|0x0000000094f00000, 0x0000000095000000, 0x0000000095000000|100%| O|  |TAMS 0x0000000095000000| PB 0x0000000095000000| Untracked 
| 336|0x0000000095000000, 0x0000000095100000, 0x0000000095100000|100%| O|  |TAMS 0x0000000095100000| PB 0x0000000095100000| Untracked 
| 337|0x0000000095100000, 0x0000000095200000, 0x0000000095200000|100%| O|  |TAMS 0x0000000095200000| PB 0x0000000095200000| Untracked 
| 338|0x0000000095200000, 0x0000000095300000, 0x0000000095300000|100%|HS|  |TAMS 0x0000000095300000| PB 0x0000000095200000| Complete 
| 339|0x0000000095300000, 0x0000000095400000, 0x0000000095400000|100%|HS|  |TAMS 0x0000000095400000| PB 0x0000000095300000| Complete 
| 340|0x0000000095400000, 0x0000000095500000, 0x0000000095500000|100%| O|  |TAMS 0x0000000095500000| PB 0x0000000095500000| Updating 
| 341|0x0000000095500000, 0x0000000095600000, 0x0000000095600000|100%| O|  |TAMS 0x0000000095600000| PB 0x0000000095600000| Untracked 
| 342|0x0000000095600000, 0x0000000095700000, 0x0000000095700000|100%| O|  |TAMS 0x0000000095700000| PB 0x0000000095700000| Untracked 
| 343|0x0000000095700000, 0x0000000095800000, 0x0000000095800000|100%| O|  |TAMS 0x0000000095800000| PB 0x0000000095800000| Untracked 
| 344|0x0000000095800000, 0x0000000095900000, 0x0000000095900000|100%| O|  |TAMS 0x0000000095900000| PB 0x0000000095900000| Untracked 
| 345|0x0000000095900000, 0x0000000095a00000, 0x0000000095a00000|100%| O|  |TAMS 0x0000000095a00000| PB 0x0000000095a00000| Untracked 
| 346|0x0000000095a00000, 0x0000000095b00000, 0x0000000095b00000|100%| O|  |TAMS 0x0000000095b00000| PB 0x0000000095b00000| Untracked 
| 347|0x0000000095b00000, 0x0000000095c00000, 0x0000000095c00000|100%| O|  |TAMS 0x0000000095c00000| PB 0x0000000095c00000| Untracked 
| 348|0x0000000095c00000, 0x0000000095d00000, 0x0000000095d00000|100%| O|  |TAMS 0x0000000095d00000| PB 0x0000000095d00000| Updating 
| 349|0x0000000095d00000, 0x0000000095e00000, 0x0000000095e00000|100%| O|  |TAMS 0x0000000095e00000| PB 0x0000000095e00000| Untracked 
| 350|0x0000000095e00000, 0x0000000095f00000, 0x0000000095f00000|100%| O|  |TAMS 0x0000000095f00000| PB 0x0000000095f00000| Untracked 
| 351|0x0000000095f00000, 0x0000000096000000, 0x0000000096000000|100%| O|  |TAMS 0x0000000096000000| PB 0x0000000096000000| Untracked 
| 352|0x0000000096000000, 0x0000000096100000, 0x0000000096100000|100%| O|  |TAMS 0x0000000096100000| PB 0x0000000096100000| Untracked 
| 353|0x0000000096100000, 0x0000000096200000, 0x0000000096200000|100%| O|  |TAMS 0x0000000096200000| PB 0x0000000096200000| Untracked 
| 354|0x0000000096200000, 0x0000000096300000, 0x0000000096300000|100%| O|  |TAMS 0x0000000096300000| PB 0x0000000096300000| Untracked 
| 355|0x0000000096300000, 0x0000000096400000, 0x0000000096400000|100%| O|  |TAMS 0x0000000096400000| PB 0x0000000096400000| Untracked 
| 356|0x0000000096400000, 0x0000000096500000, 0x0000000096500000|100%| O|  |TAMS 0x0000000096500000| PB 0x0000000096500000| Untracked 
| 357|0x0000000096500000, 0x0000000096600000, 0x0000000096600000|100%| O|  |TAMS 0x0000000096600000| PB 0x0000000096600000| Untracked 
| 358|0x0000000096600000, 0x0000000096700000, 0x0000000096700000|100%| O|  |TAMS 0x0000000096700000| PB 0x0000000096700000| Untracked 
| 359|0x0000000096700000, 0x0000000096800000, 0x0000000096800000|100%|HS|  |TAMS 0x0000000096800000| PB 0x0000000096700000| Complete 
| 360|0x0000000096800000, 0x0000000096900000, 0x0000000096900000|100%| O|  |TAMS 0x0000000096900000| PB 0x0000000096900000| Untracked 
| 361|0x0000000096900000, 0x0000000096a00000, 0x0000000096a00000|100%| O|  |TAMS 0x0000000096a00000| PB 0x0000000096a00000| Updating 
| 362|0x0000000096a00000, 0x0000000096b00000, 0x0000000096b00000|100%| O|  |TAMS 0x0000000096b00000| PB 0x0000000096b00000| Untracked 
| 363|0x0000000096b00000, 0x0000000096c00000, 0x0000000096c00000|100%| O|  |TAMS 0x0000000096c00000| PB 0x0000000096c00000| Updating 
| 364|0x0000000096c00000, 0x0000000096d00000, 0x0000000096d00000|100%|HS|  |TAMS 0x0000000096d00000| PB 0x0000000096c00000| Complete 
| 365|0x0000000096d00000, 0x0000000096e00000, 0x0000000096e00000|100%| O|  |TAMS 0x0000000096e00000| PB 0x0000000096e00000| Updating 
| 366|0x0000000096e00000, 0x0000000096f00000, 0x0000000096f00000|100%| O|  |TAMS 0x0000000096f00000| PB 0x0000000096f00000| Untracked 
| 367|0x0000000096f00000, 0x0000000097000000, 0x0000000097000000|100%|HS|  |TAMS 0x0000000097000000| PB 0x0000000096f00000| Complete 
| 368|0x0000000097000000, 0x0000000097100000, 0x0000000097100000|100%| O|  |TAMS 0x0000000097100000| PB 0x0000000097100000| Updating 
| 369|0x0000000097100000, 0x0000000097200000, 0x0000000097200000|100%| O|  |TAMS 0x0000000097200000| PB 0x0000000097200000| Untracked 
| 370|0x0000000097200000, 0x0000000097300000, 0x0000000097300000|100%|HS|  |TAMS 0x0000000097300000| PB 0x0000000097200000| Complete 
| 371|0x0000000097300000, 0x0000000097400000, 0x0000000097400000|100%| O|  |TAMS 0x0000000097400000| PB 0x0000000097400000| Untracked 
| 372|0x0000000097400000, 0x0000000097500000, 0x0000000097500000|100%| O|  |TAMS 0x0000000097500000| PB 0x0000000097500000| Untracked 
| 373|0x0000000097500000, 0x0000000097600000, 0x0000000097600000|100%| O|  |TAMS 0x0000000097600000| PB 0x0000000097600000| Untracked 
| 374|0x0000000097600000, 0x0000000097700000, 0x0000000097700000|100%| O|  |TAMS 0x0000000097700000| PB 0x0000000097700000| Untracked 
| 375|0x0000000097700000, 0x0000000097800000, 0x0000000097800000|100%| O|  |TAMS 0x0000000097800000| PB 0x0000000097800000| Untracked 
| 376|0x0000000097800000, 0x0000000097900000, 0x0000000097900000|100%| O|  |TAMS 0x0000000097900000| PB 0x0000000097900000| Untracked 
| 377|0x0000000097900000, 0x0000000097a00000, 0x0000000097a00000|100%| O|  |TAMS 0x0000000097a00000| PB 0x0000000097a00000| Untracked 
| 378|0x0000000097a00000, 0x0000000097b00000, 0x0000000097b00000|100%| O|  |TAMS 0x0000000097b00000| PB 0x0000000097b00000| Untracked 
| 379|0x0000000097b00000, 0x0000000097c00000, 0x0000000097c00000|100%| O|  |TAMS 0x0000000097c00000| PB 0x0000000097c00000| Untracked 
| 380|0x0000000097c00000, 0x0000000097d00000, 0x0000000097d00000|100%| O|  |TAMS 0x0000000097d00000| PB 0x0000000097d00000| Untracked 
| 381|0x0000000097d00000, 0x0000000097e00000, 0x0000000097e00000|100%| O|  |TAMS 0x0000000097e00000| PB 0x0000000097e00000| Untracked 
| 382|0x0000000097e00000, 0x0000000097f00000, 0x0000000097f00000|100%| O|  |TAMS 0x0000000097f00000| PB 0x0000000097f00000| Updating 
| 383|0x0000000097f00000, 0x0000000098000000, 0x0000000098000000|100%| O|  |TAMS 0x0000000098000000| PB 0x0000000098000000| Untracked 
| 384|0x0000000098000000, 0x0000000098100000, 0x0000000098100000|100%| O|  |TAMS 0x0000000098100000| PB 0x0000000098100000| Updating 
| 385|0x0000000098100000, 0x0000000098200000, 0x0000000098200000|100%| O|  |TAMS 0x0000000098200000| PB 0x0000000098200000| Untracked 
| 386|0x0000000098200000, 0x0000000098300000, 0x0000000098300000|100%| O|  |TAMS 0x0000000098300000| PB 0x0000000098300000| Updating 
| 387|0x0000000098300000, 0x0000000098400000, 0x0000000098400000|100%| O|  |TAMS 0x0000000098400000| PB 0x0000000098400000| Untracked 
| 388|0x0000000098400000, 0x0000000098500000, 0x0000000098500000|100%| O|  |TAMS 0x0000000098500000| PB 0x0000000098500000| Updating 
| 389|0x0000000098500000, 0x0000000098600000, 0x0000000098600000|100%| O|  |TAMS 0x0000000098600000| PB 0x0000000098600000| Untracked 
| 390|0x0000000098600000, 0x0000000098700000, 0x0000000098700000|100%| O|  |TAMS 0x0000000098700000| PB 0x0000000098700000| Untracked 
| 391|0x0000000098700000, 0x0000000098800000, 0x0000000098800000|100%| O|  |TAMS 0x0000000098800000| PB 0x0000000098800000| Untracked 
| 392|0x0000000098800000, 0x0000000098900000, 0x0000000098900000|100%| O|  |TAMS 0x0000000098900000| PB 0x0000000098900000| Untracked 
| 393|0x0000000098900000, 0x0000000098a00000, 0x0000000098a00000|100%| O|  |TAMS 0x0000000098a00000| PB 0x0000000098a00000| Untracked 
| 394|0x0000000098a00000, 0x0000000098b00000, 0x0000000098b00000|100%|HS|  |TAMS 0x0000000098b00000| PB 0x0000000098a00000| Complete 
| 395|0x0000000098b00000, 0x0000000098c00000, 0x0000000098c00000|100%|HS|  |TAMS 0x0000000098c00000| PB 0x0000000098b00000| Complete 
| 396|0x0000000098c00000, 0x0000000098d00000, 0x0000000098d00000|100%| O|  |TAMS 0x0000000098d00000| PB 0x0000000098d00000| Untracked 
| 397|0x0000000098d00000, 0x0000000098e00000, 0x0000000098e00000|100%| O|  |TAMS 0x0000000098e00000| PB 0x0000000098e00000| Untracked 
| 398|0x0000000098e00000, 0x0000000098f00000, 0x0000000098f00000|100%|HS|  |TAMS 0x0000000098f00000| PB 0x0000000098e00000| Complete 
| 399|0x0000000098f00000, 0x0000000099000000, 0x0000000099000000|100%| O|  |TAMS 0x0000000099000000| PB 0x0000000099000000| Untracked 
| 400|0x0000000099000000, 0x0000000099100000, 0x0000000099100000|100%|HS|  |TAMS 0x0000000099100000| PB 0x0000000099000000| Complete 
| 401|0x0000000099100000, 0x0000000099200000, 0x0000000099200000|100%| O|  |TAMS 0x0000000099200000| PB 0x0000000099200000| Untracked 
| 402|0x0000000099200000, 0x0000000099300000, 0x0000000099300000|100%|HS|  |TAMS 0x0000000099300000| PB 0x0000000099200000| Complete 
| 403|0x0000000099300000, 0x0000000099400000, 0x0000000099400000|100%|HS|  |TAMS 0x0000000099400000| PB 0x0000000099300000| Complete 
| 404|0x0000000099400000, 0x0000000099500000, 0x0000000099500000|100%| O|  |TAMS 0x0000000099500000| PB 0x0000000099500000| Untracked 
| 405|0x0000000099500000, 0x0000000099600000, 0x0000000099600000|100%| O|  |TAMS 0x0000000099600000| PB 0x0000000099600000| Untracked 
| 406|0x0000000099600000, 0x0000000099700000, 0x0000000099700000|100%|HS|  |TAMS 0x0000000099700000| PB 0x0000000099600000| Complete 
| 407|0x0000000099700000, 0x0000000099800000, 0x0000000099800000|100%| O|  |TAMS 0x0000000099800000| PB 0x0000000099800000| Untracked 
| 408|0x0000000099800000, 0x0000000099900000, 0x0000000099900000|100%| O|  |TAMS 0x0000000099900000| PB 0x0000000099900000| Untracked 
| 409|0x0000000099900000, 0x0000000099a00000, 0x0000000099a00000|100%| O|  |TAMS 0x0000000099a00000| PB 0x0000000099a00000| Untracked 
| 410|0x0000000099a00000, 0x0000000099b00000, 0x0000000099b00000|100%| O|  |TAMS 0x0000000099b00000| PB 0x0000000099b00000| Untracked 
| 411|0x0000000099b00000, 0x0000000099c00000, 0x0000000099c00000|100%| O|  |TAMS 0x0000000099c00000| PB 0x0000000099c00000| Untracked 
| 412|0x0000000099c00000, 0x0000000099d00000, 0x0000000099d00000|100%| O|  |TAMS 0x0000000099d00000| PB 0x0000000099d00000| Untracked 
| 413|0x0000000099d00000, 0x0000000099e00000, 0x0000000099e00000|100%| O|  |TAMS 0x0000000099e00000| PB 0x0000000099e00000| Untracked 
| 414|0x0000000099e00000, 0x0000000099f00000, 0x0000000099f00000|100%| O|  |TAMS 0x0000000099f00000| PB 0x0000000099f00000| Untracked 
| 415|0x0000000099f00000, 0x000000009a000000, 0x000000009a000000|100%| O|  |TAMS 0x000000009a000000| PB 0x000000009a000000| Untracked 
| 416|0x000000009a000000, 0x000000009a100000, 0x000000009a100000|100%| O|  |TAMS 0x000000009a100000| PB 0x000000009a100000| Untracked 
| 417|0x000000009a100000, 0x000000009a200000, 0x000000009a200000|100%| O|  |TAMS 0x000000009a200000| PB 0x000000009a200000| Untracked 
| 418|0x000000009a200000, 0x000000009a300000, 0x000000009a300000|100%|HS|  |TAMS 0x000000009a300000| PB 0x000000009a200000| Complete 
| 419|0x000000009a300000, 0x000000009a400000, 0x000000009a400000|100%| O|  |TAMS 0x000000009a400000| PB 0x000000009a400000| Untracked 
| 420|0x000000009a400000, 0x000000009a500000, 0x000000009a500000|100%| O|  |TAMS 0x000000009a500000| PB 0x000000009a500000| Updating 
| 421|0x000000009a500000, 0x000000009a600000, 0x000000009a600000|100%|HS|  |TAMS 0x000000009a600000| PB 0x000000009a500000| Complete 
| 422|0x000000009a600000, 0x000000009a700000, 0x000000009a700000|100%| O|  |TAMS 0x000000009a700000| PB 0x000000009a700000| Untracked 
| 423|0x000000009a700000, 0x000000009a800000, 0x000000009a800000|100%| O|  |TAMS 0x000000009a800000| PB 0x000000009a800000| Untracked 
| 424|0x000000009a800000, 0x000000009a900000, 0x000000009a900000|100%|HS|  |TAMS 0x000000009a900000| PB 0x000000009a800000| Complete 
| 425|0x000000009a900000, 0x000000009aa00000, 0x000000009aa00000|100%| O|  |TAMS 0x000000009aa00000| PB 0x000000009aa00000| Untracked 
| 426|0x000000009aa00000, 0x000000009ab00000, 0x000000009ab00000|100%| O|  |TAMS 0x000000009ab00000| PB 0x000000009ab00000| Untracked 
| 427|0x000000009ab00000, 0x000000009ac00000, 0x000000009ac00000|100%| O|  |TAMS 0x000000009ac00000| PB 0x000000009ac00000| Untracked 
| 428|0x000000009ac00000, 0x000000009ad00000, 0x000000009ad00000|100%| O|  |TAMS 0x000000009ad00000| PB 0x000000009ad00000| Untracked 
| 429|0x000000009ad00000, 0x000000009ae00000, 0x000000009ae00000|100%| O|  |TAMS 0x000000009ae00000| PB 0x000000009ae00000| Untracked 
| 430|0x000000009ae00000, 0x000000009af00000, 0x000000009af00000|100%| O|  |TAMS 0x000000009af00000| PB 0x000000009af00000| Untracked 
| 431|0x000000009af00000, 0x000000009b000000, 0x000000009b000000|100%| O|  |TAMS 0x000000009b000000| PB 0x000000009b000000| Untracked 
| 432|0x000000009b000000, 0x000000009b100000, 0x000000009b100000|100%| O|  |TAMS 0x000000009b100000| PB 0x000000009b100000| Updating 
| 433|0x000000009b100000, 0x000000009b200000, 0x000000009b200000|100%| O|  |TAMS 0x000000009b200000| PB 0x000000009b200000| Updating 
| 434|0x000000009b200000, 0x000000009b300000, 0x000000009b300000|100%| O|  |TAMS 0x000000009b300000| PB 0x000000009b300000| Updating 
| 435|0x000000009b300000, 0x000000009b400000, 0x000000009b400000|100%| O|  |TAMS 0x000000009b400000| PB 0x000000009b400000| Updating 
| 436|0x000000009b400000, 0x000000009b500000, 0x000000009b500000|100%| O|  |TAMS 0x000000009b500000| PB 0x000000009b500000| Untracked 
| 437|0x000000009b500000, 0x000000009b600000, 0x000000009b600000|100%| O|  |TAMS 0x000000009b600000| PB 0x000000009b600000| Untracked 
| 438|0x000000009b600000, 0x000000009b700000, 0x000000009b700000|100%| O|  |TAMS 0x000000009b700000| PB 0x000000009b700000| Untracked 
| 439|0x000000009b700000, 0x000000009b800000, 0x000000009b800000|100%| O|  |TAMS 0x000000009b800000| PB 0x000000009b800000| Untracked 
| 440|0x000000009b800000, 0x000000009b900000, 0x000000009b900000|100%| O|  |TAMS 0x000000009b900000| PB 0x000000009b900000| Updating 
| 441|0x000000009b900000, 0x000000009ba00000, 0x000000009ba00000|100%| O|  |TAMS 0x000000009ba00000| PB 0x000000009ba00000| Untracked 
| 442|0x000000009ba00000, 0x000000009ba00000, 0x000000009bb00000|  0%| F|  |TAMS 0x000000009ba00000| PB 0x000000009ba00000| Untracked 
| 443|0x000000009bb00000, 0x000000009bb00000, 0x000000009bc00000|  0%| F|  |TAMS 0x000000009bb00000| PB 0x000000009bb00000| Untracked 
| 444|0x000000009bc00000, 0x000000009bc00000, 0x000000009bd00000|  0%| F|  |TAMS 0x000000009bc00000| PB 0x000000009bc00000| Untracked 
| 445|0x000000009bd00000, 0x000000009bd00000, 0x000000009be00000|  0%| F|  |TAMS 0x000000009bd00000| PB 0x000000009bd00000| Untracked 
| 446|0x000000009be00000, 0x000000009be00000, 0x000000009bf00000|  0%| F|  |TAMS 0x000000009be00000| PB 0x000000009be00000| Untracked 
| 447|0x000000009bf00000, 0x000000009bf00000, 0x000000009c000000|  0%| F|  |TAMS 0x000000009bf00000| PB 0x000000009bf00000| Untracked 
| 448|0x000000009c000000, 0x000000009c000000, 0x000000009c100000|  0%| F|  |TAMS 0x000000009c000000| PB 0x000000009c000000| Untracked 
| 449|0x000000009c100000, 0x000000009c100000, 0x000000009c200000|  0%| F|  |TAMS 0x000000009c100000| PB 0x000000009c100000| Untracked 
| 450|0x000000009c200000, 0x000000009c200000, 0x000000009c300000|  0%| F|  |TAMS 0x000000009c200000| PB 0x000000009c200000| Untracked 
| 451|0x000000009c300000, 0x000000009c300000, 0x000000009c400000|  0%| F|  |TAMS 0x000000009c300000| PB 0x000000009c300000| Untracked 
| 452|0x000000009c400000, 0x000000009c400000, 0x000000009c500000|  0%| F|  |TAMS 0x000000009c400000| PB 0x000000009c400000| Untracked 
| 453|0x000000009c500000, 0x000000009c500000, 0x000000009c600000|  0%| F|  |TAMS 0x000000009c500000| PB 0x000000009c500000| Untracked 
| 454|0x000000009c600000, 0x000000009c600000, 0x000000009c700000|  0%| F|  |TAMS 0x000000009c600000| PB 0x000000009c600000| Untracked 
| 455|0x000000009c700000, 0x000000009c700000, 0x000000009c800000|  0%| F|  |TAMS 0x000000009c700000| PB 0x000000009c700000| Untracked 
| 456|0x000000009c800000, 0x000000009c800000, 0x000000009c900000|  0%| F|  |TAMS 0x000000009c800000| PB 0x000000009c800000| Untracked 
| 457|0x000000009c900000, 0x000000009c900000, 0x000000009ca00000|  0%| F|  |TAMS 0x000000009c900000| PB 0x000000009c900000| Untracked 
| 458|0x000000009ca00000, 0x000000009ca00000, 0x000000009cb00000|  0%| F|  |TAMS 0x000000009ca00000| PB 0x000000009ca00000| Untracked 
| 459|0x000000009cb00000, 0x000000009cb00000, 0x000000009cc00000|  0%| F|  |TAMS 0x000000009cb00000| PB 0x000000009cb00000| Untracked 
| 460|0x000000009cc00000, 0x000000009cc00000, 0x000000009cd00000|  0%| F|  |TAMS 0x000000009cc00000| PB 0x000000009cc00000| Untracked 
| 461|0x000000009cd00000, 0x000000009cd00000, 0x000000009ce00000|  0%| F|  |TAMS 0x000000009cd00000| PB 0x000000009cd00000| Untracked 
| 462|0x000000009ce00000, 0x000000009ce00000, 0x000000009cf00000|  0%| F|  |TAMS 0x000000009ce00000| PB 0x000000009ce00000| Untracked 
| 463|0x000000009cf00000, 0x000000009cf00000, 0x000000009d000000|  0%| F|  |TAMS 0x000000009cf00000| PB 0x000000009cf00000| Untracked 
| 464|0x000000009d000000, 0x000000009d000000, 0x000000009d100000|  0%| F|  |TAMS 0x000000009d000000| PB 0x000000009d000000| Untracked 
| 465|0x000000009d100000, 0x000000009d100000, 0x000000009d200000|  0%| F|  |TAMS 0x000000009d100000| PB 0x000000009d100000| Untracked 
| 466|0x000000009d200000, 0x000000009d200000, 0x000000009d300000|  0%| F|  |TAMS 0x000000009d200000| PB 0x000000009d200000| Untracked 
| 467|0x000000009d300000, 0x000000009d300000, 0x000000009d400000|  0%| F|  |TAMS 0x000000009d300000| PB 0x000000009d300000| Untracked 
| 468|0x000000009d400000, 0x000000009d400000, 0x000000009d500000|  0%| F|  |TAMS 0x000000009d400000| PB 0x000000009d400000| Untracked 
| 469|0x000000009d500000, 0x000000009d500000, 0x000000009d600000|  0%| F|  |TAMS 0x000000009d500000| PB 0x000000009d500000| Untracked 
| 470|0x000000009d600000, 0x000000009d600000, 0x000000009d700000|  0%| F|  |TAMS 0x000000009d600000| PB 0x000000009d600000| Untracked 
| 471|0x000000009d700000, 0x000000009d700000, 0x000000009d800000|  0%| F|  |TAMS 0x000000009d700000| PB 0x000000009d700000| Untracked 
| 472|0x000000009d800000, 0x000000009d800000, 0x000000009d900000|  0%| F|  |TAMS 0x000000009d800000| PB 0x000000009d800000| Untracked 
| 473|0x000000009d900000, 0x000000009d900000, 0x000000009da00000|  0%| F|  |TAMS 0x000000009d900000| PB 0x000000009d900000| Untracked 
| 474|0x000000009da00000, 0x000000009da00000, 0x000000009db00000|  0%| F|  |TAMS 0x000000009da00000| PB 0x000000009da00000| Untracked 
| 475|0x000000009db00000, 0x000000009dc00000, 0x000000009dc00000|100%| O|  |TAMS 0x000000009dc00000| PB 0x000000009dc00000| Untracked 
| 476|0x000000009dc00000, 0x000000009dd00000, 0x000000009dd00000|100%| O|  |TAMS 0x000000009dd00000| PB 0x000000009dd00000| Updating 
| 477|0x000000009dd00000, 0x000000009de00000, 0x000000009de00000|100%|HS|  |TAMS 0x000000009de00000| PB 0x000000009dd00000| Complete 
| 478|0x000000009de00000, 0x000000009df00000, 0x000000009df00000|100%|HC|  |TAMS 0x000000009df00000| PB 0x000000009de00000| Complete 
| 479|0x000000009df00000, 0x000000009e000000, 0x000000009e000000|100%|HC|  |TAMS 0x000000009e000000| PB 0x000000009df00000| Complete 
| 480|0x000000009e000000, 0x000000009e100000, 0x000000009e100000|100%| O|  |TAMS 0x000000009e100000| PB 0x000000009e100000| Untracked 
| 481|0x000000009e100000, 0x000000009e200000, 0x000000009e200000|100%| O|  |TAMS 0x000000009e200000| PB 0x000000009e200000| Updating 
| 482|0x000000009e200000, 0x000000009e300000, 0x000000009e300000|100%| O|  |TAMS 0x000000009e300000| PB 0x000000009e300000| Untracked 
| 483|0x000000009e300000, 0x000000009e400000, 0x000000009e400000|100%| O|  |TAMS 0x000000009e400000| PB 0x000000009e400000| Updating 
| 484|0x000000009e400000, 0x000000009e500000, 0x000000009e500000|100%| O|  |TAMS 0x000000009e500000| PB 0x000000009e500000| Updating 
| 485|0x000000009e500000, 0x000000009e600000, 0x000000009e600000|100%| O|  |TAMS 0x000000009e600000| PB 0x000000009e600000| Untracked 
| 486|0x000000009e600000, 0x000000009e700000, 0x000000009e700000|100%| O|  |TAMS 0x000000009e700000| PB 0x000000009e700000| Updating 
| 487|0x000000009e700000, 0x000000009e800000, 0x000000009e800000|100%| O|  |TAMS 0x000000009e800000| PB 0x000000009e800000| Updating 
| 488|0x000000009e800000, 0x000000009e900000, 0x000000009e900000|100%| O|  |TAMS 0x000000009e900000| PB 0x000000009e900000| Updating 
| 489|0x000000009e900000, 0x000000009ea00000, 0x000000009ea00000|100%| O|  |TAMS 0x000000009ea00000| PB 0x000000009ea00000| Untracked 
| 490|0x000000009ea00000, 0x000000009eb00000, 0x000000009eb00000|100%|HS|  |TAMS 0x000000009eb00000| PB 0x000000009ea00000| Complete 
| 491|0x000000009eb00000, 0x000000009ec00000, 0x000000009ec00000|100%|HC|  |TAMS 0x000000009ec00000| PB 0x000000009eb00000| Complete 
| 492|0x000000009ec00000, 0x000000009ed00000, 0x000000009ed00000|100%|HC|  |TAMS 0x000000009ed00000| PB 0x000000009ec00000| Complete 
| 493|0x000000009ed00000, 0x000000009ee00000, 0x000000009ee00000|100%| O|  |TAMS 0x000000009ee00000| PB 0x000000009ee00000| Untracked 
| 494|0x000000009ee00000, 0x000000009ef00000, 0x000000009ef00000|100%| O|  |TAMS 0x000000009ef00000| PB 0x000000009ef00000| Updating 
| 495|0x000000009ef00000, 0x000000009f000000, 0x000000009f000000|100%| O|  |TAMS 0x000000009f000000| PB 0x000000009f000000| Updating 
| 496|0x000000009f000000, 0x000000009f100000, 0x000000009f100000|100%| O|  |TAMS 0x000000009f100000| PB 0x000000009f100000| Updating 
| 497|0x000000009f100000, 0x000000009f200000, 0x000000009f200000|100%| O|  |TAMS 0x000000009f200000| PB 0x000000009f200000| Updating 
| 498|0x000000009f200000, 0x000000009f300000, 0x000000009f300000|100%| O|  |TAMS 0x000000009f300000| PB 0x000000009f300000| Updating 
| 499|0x000000009f300000, 0x000000009f380000, 0x000000009f400000| 50%| O|  |TAMS 0x000000009f380000| PB 0x000000009f380000| Updating 
| 500|0x000000009f400000, 0x000000009f400000, 0x000000009f500000|  0%| F|  |TAMS 0x000000009f400000| PB 0x000000009f400000| Untracked 
| 501|0x000000009f500000, 0x000000009f500000, 0x000000009f600000|  0%| F|  |TAMS 0x000000009f500000| PB 0x000000009f500000| Untracked 
| 502|0x000000009f600000, 0x000000009f600000, 0x000000009f700000|  0%| F|  |TAMS 0x000000009f600000| PB 0x000000009f600000| Untracked 
| 503|0x000000009f700000, 0x000000009f800000, 0x000000009f800000|100%|HS|  |TAMS 0x000000009f800000| PB 0x000000009f700000| Complete 
| 504|0x000000009f800000, 0x000000009f900000, 0x000000009f900000|100%|HC|  |TAMS 0x000000009f900000| PB 0x000000009f800000| Complete 
| 505|0x000000009f900000, 0x000000009fa00000, 0x000000009fa00000|100%|HC|  |TAMS 0x000000009fa00000| PB 0x000000009f900000| Complete 
| 506|0x000000009fa00000, 0x000000009fa00000, 0x000000009fb00000|  0%| F|  |TAMS 0x000000009fa00000| PB 0x000000009fa00000| Untracked 
| 507|0x000000009fb00000, 0x000000009fb00000, 0x000000009fc00000|  0%| F|  |TAMS 0x000000009fb00000| PB 0x000000009fb00000| Untracked 
| 508|0x000000009fc00000, 0x000000009fc00000, 0x000000009fd00000|  0%| F|  |TAMS 0x000000009fc00000| PB 0x000000009fc00000| Untracked 
| 509|0x000000009fd00000, 0x000000009fd00000, 0x000000009fe00000|  0%| F|  |TAMS 0x000000009fd00000| PB 0x000000009fd00000| Untracked 
| 510|0x000000009fe00000, 0x000000009fe00000, 0x000000009ff00000|  0%| F|  |TAMS 0x000000009fe00000| PB 0x000000009fe00000| Untracked 
| 511|0x000000009ff00000, 0x000000009ff00000, 0x00000000a0000000|  0%| F|  |TAMS 0x000000009ff00000| PB 0x000000009ff00000| Untracked 
| 512|0x00000000a0000000, 0x00000000a0000000, 0x00000000a0100000|  0%| F|  |TAMS 0x00000000a0000000| PB 0x00000000a0000000| Untracked 
| 513|0x00000000a0100000, 0x00000000a0100000, 0x00000000a0200000|  0%| F|  |TAMS 0x00000000a0100000| PB 0x00000000a0100000| Untracked 
| 514|0x00000000a0200000, 0x00000000a0200000, 0x00000000a0300000|  0%| F|  |TAMS 0x00000000a0200000| PB 0x00000000a0200000| Untracked 
| 515|0x00000000a0300000, 0x00000000a0300000, 0x00000000a0400000|  0%| F|  |TAMS 0x00000000a0300000| PB 0x00000000a0300000| Untracked 
| 516|0x00000000a0400000, 0x00000000a0500000, 0x00000000a0500000|100%|HS|  |TAMS 0x00000000a0500000| PB 0x00000000a0400000| Complete 
| 517|0x00000000a0500000, 0x00000000a0600000, 0x00000000a0600000|100%|HC|  |TAMS 0x00000000a0600000| PB 0x00000000a0500000| Complete 
| 518|0x00000000a0600000, 0x00000000a0700000, 0x00000000a0700000|100%|HC|  |TAMS 0x00000000a0700000| PB 0x00000000a0600000| Complete 
| 519|0x00000000a0700000, 0x00000000a0700000, 0x00000000a0800000|  0%| F|  |TAMS 0x00000000a0700000| PB 0x00000000a0700000| Untracked 
| 520|0x00000000a0800000, 0x00000000a0900000, 0x00000000a0900000|100%|HS|  |TAMS 0x00000000a0900000| PB 0x00000000a0800000| Complete 
| 521|0x00000000a0900000, 0x00000000a0900000, 0x00000000a0a00000|  0%| F|  |TAMS 0x00000000a0900000| PB 0x00000000a0900000| Untracked 
| 522|0x00000000a0a00000, 0x00000000a0a00000, 0x00000000a0b00000|  0%| F|  |TAMS 0x00000000a0a00000| PB 0x00000000a0a00000| Untracked 
| 523|0x00000000a0b00000, 0x00000000a0c00000, 0x00000000a0c00000|100%|HS|  |TAMS 0x00000000a0c00000| PB 0x00000000a0b00000| Complete 
| 524|0x00000000a0c00000, 0x00000000a0c00000, 0x00000000a0d00000|  0%| F|  |TAMS 0x00000000a0c00000| PB 0x00000000a0c00000| Untracked 
| 525|0x00000000a0d00000, 0x00000000a0d00000, 0x00000000a0e00000|  0%| F|  |TAMS 0x00000000a0d00000| PB 0x00000000a0d00000| Untracked 
| 526|0x00000000a0e00000, 0x00000000a0e00000, 0x00000000a0f00000|  0%| F|  |TAMS 0x00000000a0e00000| PB 0x00000000a0e00000| Untracked 
| 527|0x00000000a0f00000, 0x00000000a0f00000, 0x00000000a1000000|  0%| F|  |TAMS 0x00000000a0f00000| PB 0x00000000a0f00000| Untracked 
| 528|0x00000000a1000000, 0x00000000a1000000, 0x00000000a1100000|  0%| F|  |TAMS 0x00000000a1000000| PB 0x00000000a1000000| Untracked 
| 529|0x00000000a1100000, 0x00000000a1100000, 0x00000000a1200000|  0%| F|  |TAMS 0x00000000a1100000| PB 0x00000000a1100000| Untracked 
| 530|0x00000000a1200000, 0x00000000a1200000, 0x00000000a1300000|  0%| F|  |TAMS 0x00000000a1200000| PB 0x00000000a1200000| Untracked 
| 531|0x00000000a1300000, 0x00000000a1300000, 0x00000000a1400000|  0%| F|  |TAMS 0x00000000a1300000| PB 0x00000000a1300000| Untracked 
| 532|0x00000000a1400000, 0x00000000a1400000, 0x00000000a1500000|  0%| F|  |TAMS 0x00000000a1400000| PB 0x00000000a1400000| Untracked 
| 533|0x00000000a1500000, 0x00000000a1500000, 0x00000000a1600000|  0%| F|  |TAMS 0x00000000a1500000| PB 0x00000000a1500000| Untracked 
| 534|0x00000000a1600000, 0x00000000a1600000, 0x00000000a1700000|  0%| F|  |TAMS 0x00000000a1600000| PB 0x00000000a1600000| Untracked 
| 535|0x00000000a1700000, 0x00000000a1700000, 0x00000000a1800000|  0%| F|  |TAMS 0x00000000a1700000| PB 0x00000000a1700000| Untracked 
| 536|0x00000000a1800000, 0x00000000a1800000, 0x00000000a1900000|  0%| F|  |TAMS 0x00000000a1800000| PB 0x00000000a1800000| Untracked 
| 537|0x00000000a1900000, 0x00000000a1900000, 0x00000000a1a00000|  0%| F|  |TAMS 0x00000000a1900000| PB 0x00000000a1900000| Untracked 
| 538|0x00000000a1a00000, 0x00000000a1a00000, 0x00000000a1b00000|  0%| F|  |TAMS 0x00000000a1a00000| PB 0x00000000a1a00000| Untracked 
| 539|0x00000000a1b00000, 0x00000000a1b00000, 0x00000000a1c00000|  0%| F|  |TAMS 0x00000000a1b00000| PB 0x00000000a1b00000| Untracked 
| 540|0x00000000a1c00000, 0x00000000a1c00000, 0x00000000a1d00000|  0%| F|  |TAMS 0x00000000a1c00000| PB 0x00000000a1c00000| Untracked 
| 541|0x00000000a1d00000, 0x00000000a1d32c38, 0x00000000a1e00000| 19%| S|CS|TAMS 0x00000000a1d00000| PB 0x00000000a1d00000| Complete 
| 542|0x00000000a1e00000, 0x00000000a1f00000, 0x00000000a1f00000|100%| S|CS|TAMS 0x00000000a1e00000| PB 0x00000000a1e00000| Complete 
| 543|0x00000000a1f00000, 0x00000000a2000000, 0x00000000a2000000|100%| S|CS|TAMS 0x00000000a1f00000| PB 0x00000000a1f00000| Complete 
| 544|0x00000000a2000000, 0x00000000a2100000, 0x00000000a2100000|100%| S|CS|TAMS 0x00000000a2000000| PB 0x00000000a2000000| Complete 
| 545|0x00000000a2100000, 0x00000000a2200000, 0x00000000a2200000|100%|HS|  |TAMS 0x00000000a2200000| PB 0x00000000a2100000| Complete 
| 546|0x00000000a2200000, 0x00000000a2300000, 0x00000000a2300000|100%| S|CS|TAMS 0x00000000a2200000| PB 0x00000000a2200000| Complete 
| 547|0x00000000a2300000, 0x00000000a2400000, 0x00000000a2400000|100%| S|CS|TAMS 0x00000000a2300000| PB 0x00000000a2300000| Complete 
| 548|0x00000000a2400000, 0x00000000a2500000, 0x00000000a2500000|100%|HS|  |TAMS 0x00000000a2500000| PB 0x00000000a2400000| Complete 
| 549|0x00000000a2500000, 0x00000000a2600000, 0x00000000a2600000|100%| S|CS|TAMS 0x00000000a2500000| PB 0x00000000a2500000| Complete 
| 550|0x00000000a2600000, 0x00000000a2700000, 0x00000000a2700000|100%| S|CS|TAMS 0x00000000a2600000| PB 0x00000000a2600000| Complete 
| 551|0x00000000a2700000, 0x00000000a2800000, 0x00000000a2800000|100%|HS|  |TAMS 0x00000000a2800000| PB 0x00000000a2700000| Complete 
| 552|0x00000000a2800000, 0x00000000a2900000, 0x00000000a2900000|100%| S|CS|TAMS 0x00000000a2800000| PB 0x00000000a2800000| Complete 
| 553|0x00000000a2900000, 0x00000000a2a00000, 0x00000000a2a00000|100%| S|CS|TAMS 0x00000000a2900000| PB 0x00000000a2900000| Complete 
| 554|0x00000000a2a00000, 0x00000000a2b00000, 0x00000000a2b00000|100%| S|CS|TAMS 0x00000000a2a00000| PB 0x00000000a2a00000| Complete 
| 555|0x00000000a2b00000, 0x00000000a2c00000, 0x00000000a2c00000|100%| S|CS|TAMS 0x00000000a2b00000| PB 0x00000000a2b00000| Complete 
| 556|0x00000000a2c00000, 0x00000000a2c00000, 0x00000000a2d00000|  0%| F|  |TAMS 0x00000000a2c00000| PB 0x00000000a2c00000| Untracked 
| 557|0x00000000a2d00000, 0x00000000a2d00000, 0x00000000a2e00000|  0%| F|  |TAMS 0x00000000a2d00000| PB 0x00000000a2d00000| Untracked 
| 558|0x00000000a2e00000, 0x00000000a2e00000, 0x00000000a2f00000|  0%| F|  |TAMS 0x00000000a2e00000| PB 0x00000000a2e00000| Untracked 
| 559|0x00000000a2f00000, 0x00000000a2f00000, 0x00000000a3000000|  0%| F|  |TAMS 0x00000000a2f00000| PB 0x00000000a2f00000| Untracked 
| 560|0x00000000a3000000, 0x00000000a3000000, 0x00000000a3100000|  0%| F|  |TAMS 0x00000000a3000000| PB 0x00000000a3000000| Untracked 
| 561|0x00000000a3100000, 0x00000000a3200000, 0x00000000a3200000|100%|HS|  |TAMS 0x00000000a3200000| PB 0x00000000a3100000| Complete 
| 562|0x00000000a3200000, 0x00000000a3200000, 0x00000000a3300000|  0%| F|  |TAMS 0x00000000a3200000| PB 0x00000000a3200000| Untracked 
| 563|0x00000000a3300000, 0x00000000a3300000, 0x00000000a3400000|  0%| F|  |TAMS 0x00000000a3300000| PB 0x00000000a3300000| Untracked 
| 564|0x00000000a3400000, 0x00000000a3400000, 0x00000000a3500000|  0%| F|  |TAMS 0x00000000a3400000| PB 0x00000000a3400000| Untracked 
| 565|0x00000000a3500000, 0x00000000a3500000, 0x00000000a3600000|  0%| F|  |TAMS 0x00000000a3500000| PB 0x00000000a3500000| Untracked 
| 566|0x00000000a3600000, 0x00000000a3600000, 0x00000000a3700000|  0%| F|  |TAMS 0x00000000a3600000| PB 0x00000000a3600000| Untracked 
| 567|0x00000000a3700000, 0x00000000a3700000, 0x00000000a3800000|  0%| F|  |TAMS 0x00000000a3700000| PB 0x00000000a3700000| Untracked 
| 568|0x00000000a3800000, 0x00000000a3800000, 0x00000000a3900000|  0%| F|  |TAMS 0x00000000a3800000| PB 0x00000000a3800000| Untracked 
| 569|0x00000000a3900000, 0x00000000a3a00000, 0x00000000a3a00000|100%|HS|  |TAMS 0x00000000a3a00000| PB 0x00000000a3900000| Complete 
| 570|0x00000000a3a00000, 0x00000000a3a00000, 0x00000000a3b00000|  0%| F|  |TAMS 0x00000000a3a00000| PB 0x00000000a3a00000| Untracked 
| 571|0x00000000a3b00000, 0x00000000a3b00000, 0x00000000a3c00000|  0%| F|  |TAMS 0x00000000a3b00000| PB 0x00000000a3b00000| Untracked 
| 572|0x00000000a3c00000, 0x00000000a3c00000, 0x00000000a3d00000|  0%| F|  |TAMS 0x00000000a3c00000| PB 0x00000000a3c00000| Untracked 
| 573|0x00000000a3d00000, 0x00000000a3d00000, 0x00000000a3e00000|  0%| F|  |TAMS 0x00000000a3d00000| PB 0x00000000a3d00000| Untracked 
| 574|0x00000000a3e00000, 0x00000000a3e00000, 0x00000000a3f00000|  0%| F|  |TAMS 0x00000000a3e00000| PB 0x00000000a3e00000| Untracked 
| 575|0x00000000a3f00000, 0x00000000a3f00000, 0x00000000a4000000|  0%| F|  |TAMS 0x00000000a3f00000| PB 0x00000000a3f00000| Untracked 
| 576|0x00000000a4000000, 0x00000000a4000000, 0x00000000a4100000|  0%| F|  |TAMS 0x00000000a4000000| PB 0x00000000a4000000| Untracked 
| 577|0x00000000a4100000, 0x00000000a4100000, 0x00000000a4200000|  0%| F|  |TAMS 0x00000000a4100000| PB 0x00000000a4100000| Untracked 
| 578|0x00000000a4200000, 0x00000000a4200000, 0x00000000a4300000|  0%| F|  |TAMS 0x00000000a4200000| PB 0x00000000a4200000| Untracked 
| 579|0x00000000a4300000, 0x00000000a4300000, 0x00000000a4400000|  0%| F|  |TAMS 0x00000000a4300000| PB 0x00000000a4300000| Untracked 
| 580|0x00000000a4400000, 0x00000000a4400000, 0x00000000a4500000|  0%| F|  |TAMS 0x00000000a4400000| PB 0x00000000a4400000| Untracked 
| 581|0x00000000a4500000, 0x00000000a4500000, 0x00000000a4600000|  0%| F|  |TAMS 0x00000000a4500000| PB 0x00000000a4500000| Untracked 
| 582|0x00000000a4600000, 0x00000000a4600000, 0x00000000a4700000|  0%| F|  |TAMS 0x00000000a4600000| PB 0x00000000a4600000| Untracked 
| 583|0x00000000a4700000, 0x00000000a4700000, 0x00000000a4800000|  0%| F|  |TAMS 0x00000000a4700000| PB 0x00000000a4700000| Untracked 
| 584|0x00000000a4800000, 0x00000000a4800000, 0x00000000a4900000|  0%| F|  |TAMS 0x00000000a4800000| PB 0x00000000a4800000| Untracked 
| 585|0x00000000a4900000, 0x00000000a4900000, 0x00000000a4a00000|  0%| F|  |TAMS 0x00000000a4900000| PB 0x00000000a4900000| Untracked 
| 586|0x00000000a4a00000, 0x00000000a4a00000, 0x00000000a4b00000|  0%| F|  |TAMS 0x00000000a4a00000| PB 0x00000000a4a00000| Untracked 
| 587|0x00000000a4b00000, 0x00000000a4b00000, 0x00000000a4c00000|  0%| F|  |TAMS 0x00000000a4b00000| PB 0x00000000a4b00000| Untracked 
| 588|0x00000000a4c00000, 0x00000000a4c00000, 0x00000000a4d00000|  0%| F|  |TAMS 0x00000000a4c00000| PB 0x00000000a4c00000| Untracked 
| 589|0x00000000a4d00000, 0x00000000a4d00000, 0x00000000a4e00000|  0%| F|  |TAMS 0x00000000a4d00000| PB 0x00000000a4d00000| Untracked 
| 590|0x00000000a4e00000, 0x00000000a4e00000, 0x00000000a4f00000|  0%| F|  |TAMS 0x00000000a4e00000| PB 0x00000000a4e00000| Untracked 
| 591|0x00000000a4f00000, 0x00000000a4f00000, 0x00000000a5000000|  0%| F|  |TAMS 0x00000000a4f00000| PB 0x00000000a4f00000| Untracked 
| 592|0x00000000a5000000, 0x00000000a5000000, 0x00000000a5100000|  0%| F|  |TAMS 0x00000000a5000000| PB 0x00000000a5000000| Untracked 
| 593|0x00000000a5100000, 0x00000000a5100000, 0x00000000a5200000|  0%| F|  |TAMS 0x00000000a5100000| PB 0x00000000a5100000| Untracked 
| 594|0x00000000a5200000, 0x00000000a5200000, 0x00000000a5300000|  0%| F|  |TAMS 0x00000000a5200000| PB 0x00000000a5200000| Untracked 
| 595|0x00000000a5300000, 0x00000000a5300000, 0x00000000a5400000|  0%| F|  |TAMS 0x00000000a5300000| PB 0x00000000a5300000| Untracked 
| 596|0x00000000a5400000, 0x00000000a5400000, 0x00000000a5500000|  0%| F|  |TAMS 0x00000000a5400000| PB 0x00000000a5400000| Untracked 
| 597|0x00000000a5500000, 0x00000000a5500000, 0x00000000a5600000|  0%| F|  |TAMS 0x00000000a5500000| PB 0x00000000a5500000| Untracked 
| 598|0x00000000a5600000, 0x00000000a5600000, 0x00000000a5700000|  0%| F|  |TAMS 0x00000000a5600000| PB 0x00000000a5600000| Untracked 
| 599|0x00000000a5700000, 0x00000000a5700000, 0x00000000a5800000|  0%| F|  |TAMS 0x00000000a5700000| PB 0x00000000a5700000| Untracked 
| 600|0x00000000a5800000, 0x00000000a5800000, 0x00000000a5900000|  0%| F|  |TAMS 0x00000000a5800000| PB 0x00000000a5800000| Untracked 
| 601|0x00000000a5900000, 0x00000000a5900000, 0x00000000a5a00000|  0%| F|  |TAMS 0x00000000a5900000| PB 0x00000000a5900000| Untracked 
| 602|0x00000000a5a00000, 0x00000000a5a00000, 0x00000000a5b00000|  0%| F|  |TAMS 0x00000000a5a00000| PB 0x00000000a5a00000| Untracked 
| 603|0x00000000a5b00000, 0x00000000a5b00000, 0x00000000a5c00000|  0%| F|  |TAMS 0x00000000a5b00000| PB 0x00000000a5b00000| Untracked 
| 604|0x00000000a5c00000, 0x00000000a5c00000, 0x00000000a5d00000|  0%| F|  |TAMS 0x00000000a5c00000| PB 0x00000000a5c00000| Untracked 
| 605|0x00000000a5d00000, 0x00000000a5d00000, 0x00000000a5e00000|  0%| F|  |TAMS 0x00000000a5d00000| PB 0x00000000a5d00000| Untracked 
| 606|0x00000000a5e00000, 0x00000000a5e00000, 0x00000000a5f00000|  0%| F|  |TAMS 0x00000000a5e00000| PB 0x00000000a5e00000| Untracked 
| 607|0x00000000a5f00000, 0x00000000a5f00000, 0x00000000a6000000|  0%| F|  |TAMS 0x00000000a5f00000| PB 0x00000000a5f00000| Untracked 
| 608|0x00000000a6000000, 0x00000000a6000000, 0x00000000a6100000|  0%| F|  |TAMS 0x00000000a6000000| PB 0x00000000a6000000| Untracked 
| 609|0x00000000a6100000, 0x00000000a6100000, 0x00000000a6200000|  0%| F|  |TAMS 0x00000000a6100000| PB 0x00000000a6100000| Untracked 
| 610|0x00000000a6200000, 0x00000000a6200000, 0x00000000a6300000|  0%| F|  |TAMS 0x00000000a6200000| PB 0x00000000a6200000| Untracked 
| 611|0x00000000a6300000, 0x00000000a6300000, 0x00000000a6400000|  0%| F|  |TAMS 0x00000000a6300000| PB 0x00000000a6300000| Untracked 
| 612|0x00000000a6400000, 0x00000000a6400000, 0x00000000a6500000|  0%| F|  |TAMS 0x00000000a6400000| PB 0x00000000a6400000| Untracked 
| 613|0x00000000a6500000, 0x00000000a6500000, 0x00000000a6600000|  0%| F|  |TAMS 0x00000000a6500000| PB 0x00000000a6500000| Untracked 
| 614|0x00000000a6600000, 0x00000000a6600000, 0x00000000a6700000|  0%| F|  |TAMS 0x00000000a6600000| PB 0x00000000a6600000| Untracked 
| 615|0x00000000a6700000, 0x00000000a6700000, 0x00000000a6800000|  0%| F|  |TAMS 0x00000000a6700000| PB 0x00000000a6700000| Untracked 
| 616|0x00000000a6800000, 0x00000000a6800000, 0x00000000a6900000|  0%| F|  |TAMS 0x00000000a6800000| PB 0x00000000a6800000| Untracked 
| 617|0x00000000a6900000, 0x00000000a6900000, 0x00000000a6a00000|  0%| F|  |TAMS 0x00000000a6900000| PB 0x00000000a6900000| Untracked 
| 618|0x00000000a6a00000, 0x00000000a6a00000, 0x00000000a6b00000|  0%| F|  |TAMS 0x00000000a6a00000| PB 0x00000000a6a00000| Untracked 
| 619|0x00000000a6b00000, 0x00000000a6b00000, 0x00000000a6c00000|  0%| F|  |TAMS 0x00000000a6b00000| PB 0x00000000a6b00000| Untracked 
| 620|0x00000000a6c00000, 0x00000000a6c00000, 0x00000000a6d00000|  0%| F|  |TAMS 0x00000000a6c00000| PB 0x00000000a6c00000| Untracked 
| 621|0x00000000a6d00000, 0x00000000a6d00000, 0x00000000a6e00000|  0%| F|  |TAMS 0x00000000a6d00000| PB 0x00000000a6d00000| Untracked 
| 622|0x00000000a6e00000, 0x00000000a6e00000, 0x00000000a6f00000|  0%| F|  |TAMS 0x00000000a6e00000| PB 0x00000000a6e00000| Untracked 
| 623|0x00000000a6f00000, 0x00000000a6f00000, 0x00000000a7000000|  0%| F|  |TAMS 0x00000000a6f00000| PB 0x00000000a6f00000| Untracked 
| 624|0x00000000a7000000, 0x00000000a7000000, 0x00000000a7100000|  0%| F|  |TAMS 0x00000000a7000000| PB 0x00000000a7000000| Untracked 
| 625|0x00000000a7100000, 0x00000000a7100000, 0x00000000a7200000|  0%| F|  |TAMS 0x00000000a7100000| PB 0x00000000a7100000| Untracked 
| 626|0x00000000a7200000, 0x00000000a7200000, 0x00000000a7300000|  0%| F|  |TAMS 0x00000000a7200000| PB 0x00000000a7200000| Untracked 
| 627|0x00000000a7300000, 0x00000000a7300000, 0x00000000a7400000|  0%| F|  |TAMS 0x00000000a7300000| PB 0x00000000a7300000| Untracked 
| 628|0x00000000a7400000, 0x00000000a7400000, 0x00000000a7500000|  0%| F|  |TAMS 0x00000000a7400000| PB 0x00000000a7400000| Untracked 
| 629|0x00000000a7500000, 0x00000000a7500000, 0x00000000a7600000|  0%| F|  |TAMS 0x00000000a7500000| PB 0x00000000a7500000| Untracked 
| 630|0x00000000a7600000, 0x00000000a7600000, 0x00000000a7700000|  0%| F|  |TAMS 0x00000000a7600000| PB 0x00000000a7600000| Untracked 
| 631|0x00000000a7700000, 0x00000000a7700000, 0x00000000a7800000|  0%| F|  |TAMS 0x00000000a7700000| PB 0x00000000a7700000| Untracked 
| 632|0x00000000a7800000, 0x00000000a7800000, 0x00000000a7900000|  0%| F|  |TAMS 0x00000000a7800000| PB 0x00000000a7800000| Untracked 
| 633|0x00000000a7900000, 0x00000000a7900000, 0x00000000a7a00000|  0%| F|  |TAMS 0x00000000a7900000| PB 0x00000000a7900000| Untracked 
| 634|0x00000000a7a00000, 0x00000000a7a00000, 0x00000000a7b00000|  0%| F|  |TAMS 0x00000000a7a00000| PB 0x00000000a7a00000| Untracked 
| 635|0x00000000a7b00000, 0x00000000a7b00000, 0x00000000a7c00000|  0%| F|  |TAMS 0x00000000a7b00000| PB 0x00000000a7b00000| Untracked 
| 636|0x00000000a7c00000, 0x00000000a7c00000, 0x00000000a7d00000|  0%| F|  |TAMS 0x00000000a7c00000| PB 0x00000000a7c00000| Untracked 
| 637|0x00000000a7d00000, 0x00000000a7d00000, 0x00000000a7e00000|  0%| F|  |TAMS 0x00000000a7d00000| PB 0x00000000a7d00000| Untracked 
| 638|0x00000000a7e00000, 0x00000000a7e00000, 0x00000000a7f00000|  0%| F|  |TAMS 0x00000000a7e00000| PB 0x00000000a7e00000| Untracked 
| 639|0x00000000a7f00000, 0x00000000a7f00000, 0x00000000a8000000|  0%| F|  |TAMS 0x00000000a7f00000| PB 0x00000000a7f00000| Untracked 
| 640|0x00000000a8000000, 0x00000000a8000000, 0x00000000a8100000|  0%| F|  |TAMS 0x00000000a8000000| PB 0x00000000a8000000| Untracked 
| 641|0x00000000a8100000, 0x00000000a8100000, 0x00000000a8200000|  0%| F|  |TAMS 0x00000000a8100000| PB 0x00000000a8100000| Untracked 
| 642|0x00000000a8200000, 0x00000000a8200000, 0x00000000a8300000|  0%| F|  |TAMS 0x00000000a8200000| PB 0x00000000a8200000| Untracked 
| 643|0x00000000a8300000, 0x00000000a8300000, 0x00000000a8400000|  0%| F|  |TAMS 0x00000000a8300000| PB 0x00000000a8300000| Untracked 
| 644|0x00000000a8400000, 0x00000000a8400000, 0x00000000a8500000|  0%| F|  |TAMS 0x00000000a8400000| PB 0x00000000a8400000| Untracked 
| 645|0x00000000a8500000, 0x00000000a8500000, 0x00000000a8600000|  0%| F|  |TAMS 0x00000000a8500000| PB 0x00000000a8500000| Untracked 
| 646|0x00000000a8600000, 0x00000000a8600000, 0x00000000a8700000|  0%| F|  |TAMS 0x00000000a8600000| PB 0x00000000a8600000| Untracked 
| 647|0x00000000a8700000, 0x00000000a8700000, 0x00000000a8800000|  0%| F|  |TAMS 0x00000000a8700000| PB 0x00000000a8700000| Untracked 
| 648|0x00000000a8800000, 0x00000000a8800000, 0x00000000a8900000|  0%| F|  |TAMS 0x00000000a8800000| PB 0x00000000a8800000| Untracked 
| 649|0x00000000a8900000, 0x00000000a8900000, 0x00000000a8a00000|  0%| F|  |TAMS 0x00000000a8900000| PB 0x00000000a8900000| Untracked 
| 650|0x00000000a8a00000, 0x00000000a8a00000, 0x00000000a8b00000|  0%| F|  |TAMS 0x00000000a8a00000| PB 0x00000000a8a00000| Untracked 
| 651|0x00000000a8b00000, 0x00000000a8b00000, 0x00000000a8c00000|  0%| F|  |TAMS 0x00000000a8b00000| PB 0x00000000a8b00000| Untracked 
| 652|0x00000000a8c00000, 0x00000000a8c00000, 0x00000000a8d00000|  0%| F|  |TAMS 0x00000000a8c00000| PB 0x00000000a8c00000| Untracked 
| 653|0x00000000a8d00000, 0x00000000a8d00000, 0x00000000a8e00000|  0%| F|  |TAMS 0x00000000a8d00000| PB 0x00000000a8d00000| Untracked 
| 654|0x00000000a8e00000, 0x00000000a8e00000, 0x00000000a8f00000|  0%| F|  |TAMS 0x00000000a8e00000| PB 0x00000000a8e00000| Untracked 
| 655|0x00000000a8f00000, 0x00000000a8f00000, 0x00000000a9000000|  0%| F|  |TAMS 0x00000000a8f00000| PB 0x00000000a8f00000| Untracked 
| 656|0x00000000a9000000, 0x00000000a9000000, 0x00000000a9100000|  0%| F|  |TAMS 0x00000000a9000000| PB 0x00000000a9000000| Untracked 
| 657|0x00000000a9100000, 0x00000000a9100000, 0x00000000a9200000|  0%| F|  |TAMS 0x00000000a9100000| PB 0x00000000a9100000| Untracked 
| 658|0x00000000a9200000, 0x00000000a9200000, 0x00000000a9300000|  0%| F|  |TAMS 0x00000000a9200000| PB 0x00000000a9200000| Untracked 
| 659|0x00000000a9300000, 0x00000000a9300000, 0x00000000a9400000|  0%| F|  |TAMS 0x00000000a9300000| PB 0x00000000a9300000| Untracked 
| 660|0x00000000a9400000, 0x00000000a9400000, 0x00000000a9500000|  0%| F|  |TAMS 0x00000000a9400000| PB 0x00000000a9400000| Untracked 
| 661|0x00000000a9500000, 0x00000000a9500000, 0x00000000a9600000|  0%| F|  |TAMS 0x00000000a9500000| PB 0x00000000a9500000| Untracked 
| 662|0x00000000a9600000, 0x00000000a9600000, 0x00000000a9700000|  0%| F|  |TAMS 0x00000000a9600000| PB 0x00000000a9600000| Untracked 
| 663|0x00000000a9700000, 0x00000000a9800000, 0x00000000a9800000|100%| E|  |TAMS 0x00000000a9700000| PB 0x00000000a9700000| Complete 
| 664|0x00000000a9800000, 0x00000000a9900000, 0x00000000a9900000|100%| E|CS|TAMS 0x00000000a9800000| PB 0x00000000a9800000| Complete 
| 665|0x00000000a9900000, 0x00000000a9a00000, 0x00000000a9a00000|100%| E|CS|TAMS 0x00000000a9900000| PB 0x00000000a9900000| Complete 
| 666|0x00000000a9a00000, 0x00000000a9b00000, 0x00000000a9b00000|100%| E|CS|TAMS 0x00000000a9a00000| PB 0x00000000a9a00000| Complete 
| 667|0x00000000a9b00000, 0x00000000a9c00000, 0x00000000a9c00000|100%| E|CS|TAMS 0x00000000a9b00000| PB 0x00000000a9b00000| Complete 
| 668|0x00000000a9c00000, 0x00000000a9d00000, 0x00000000a9d00000|100%| E|CS|TAMS 0x00000000a9c00000| PB 0x00000000a9c00000| Complete 
| 669|0x00000000a9d00000, 0x00000000a9e00000, 0x00000000a9e00000|100%| E|CS|TAMS 0x00000000a9d00000| PB 0x00000000a9d00000| Complete 
| 670|0x00000000a9e00000, 0x00000000a9f00000, 0x00000000a9f00000|100%| E|CS|TAMS 0x00000000a9e00000| PB 0x00000000a9e00000| Complete 
| 671|0x00000000a9f00000, 0x00000000aa000000, 0x00000000aa000000|100%| E|CS|TAMS 0x00000000a9f00000| PB 0x00000000a9f00000| Complete 
| 672|0x00000000aa000000, 0x00000000aa100000, 0x00000000aa100000|100%| E|CS|TAMS 0x00000000aa000000| PB 0x00000000aa000000| Complete 
| 673|0x00000000aa100000, 0x00000000aa200000, 0x00000000aa200000|100%| E|CS|TAMS 0x00000000aa100000| PB 0x00000000aa100000| Complete 
| 674|0x00000000aa200000, 0x00000000aa300000, 0x00000000aa300000|100%| E|CS|TAMS 0x00000000aa200000| PB 0x00000000aa200000| Complete 
| 675|0x00000000aa300000, 0x00000000aa400000, 0x00000000aa400000|100%| E|CS|TAMS 0x00000000aa300000| PB 0x00000000aa300000| Complete 
| 676|0x00000000aa400000, 0x00000000aa500000, 0x00000000aa500000|100%| E|CS|TAMS 0x00000000aa400000| PB 0x00000000aa400000| Complete 
| 677|0x00000000aa500000, 0x00000000aa600000, 0x00000000aa600000|100%| E|CS|TAMS 0x00000000aa500000| PB 0x00000000aa500000| Complete 
| 678|0x00000000aa600000, 0x00000000aa700000, 0x00000000aa700000|100%| E|CS|TAMS 0x00000000aa600000| PB 0x00000000aa600000| Complete 
| 679|0x00000000aa700000, 0x00000000aa800000, 0x00000000aa800000|100%| E|CS|TAMS 0x00000000aa700000| PB 0x00000000aa700000| Complete 
| 680|0x00000000aa800000, 0x00000000aa900000, 0x00000000aa900000|100%| E|CS|TAMS 0x00000000aa800000| PB 0x00000000aa800000| Complete 
| 681|0x00000000aa900000, 0x00000000aaa00000, 0x00000000aaa00000|100%| E|CS|TAMS 0x00000000aa900000| PB 0x00000000aa900000| Complete 
| 682|0x00000000aaa00000, 0x00000000aab00000, 0x00000000aab00000|100%| E|CS|TAMS 0x00000000aaa00000| PB 0x00000000aaa00000| Complete 
| 683|0x00000000aab00000, 0x00000000aac00000, 0x00000000aac00000|100%| E|CS|TAMS 0x00000000aab00000| PB 0x00000000aab00000| Complete 
| 684|0x00000000aac00000, 0x00000000aad00000, 0x00000000aad00000|100%| E|CS|TAMS 0x00000000aac00000| PB 0x00000000aac00000| Complete 
| 685|0x00000000aad00000, 0x00000000aae00000, 0x00000000aae00000|100%| E|CS|TAMS 0x00000000aad00000| PB 0x00000000aad00000| Complete 
| 686|0x00000000aae00000, 0x00000000aaf00000, 0x00000000aaf00000|100%| E|CS|TAMS 0x00000000aae00000| PB 0x00000000aae00000| Complete 
| 687|0x00000000aaf00000, 0x00000000ab000000, 0x00000000ab000000|100%| E|CS|TAMS 0x00000000aaf00000| PB 0x00000000aaf00000| Complete 
| 688|0x00000000ab000000, 0x00000000ab100000, 0x00000000ab100000|100%| E|CS|TAMS 0x00000000ab000000| PB 0x00000000ab000000| Complete 
| 689|0x00000000ab100000, 0x00000000ab200000, 0x00000000ab200000|100%| E|CS|TAMS 0x00000000ab100000| PB 0x00000000ab100000| Complete 
| 690|0x00000000ab200000, 0x00000000ab300000, 0x00000000ab300000|100%| E|CS|TAMS 0x00000000ab200000| PB 0x00000000ab200000| Complete 
| 691|0x00000000ab300000, 0x00000000ab400000, 0x00000000ab400000|100%| E|CS|TAMS 0x00000000ab300000| PB 0x00000000ab300000| Complete 
| 692|0x00000000ab400000, 0x00000000ab500000, 0x00000000ab500000|100%| E|CS|TAMS 0x00000000ab400000| PB 0x00000000ab400000| Complete 
| 693|0x00000000ab500000, 0x00000000ab600000, 0x00000000ab600000|100%| E|CS|TAMS 0x00000000ab500000| PB 0x00000000ab500000| Complete 
| 694|0x00000000ab600000, 0x00000000ab700000, 0x00000000ab700000|100%| E|CS|TAMS 0x00000000ab600000| PB 0x00000000ab600000| Complete 
| 695|0x00000000ab700000, 0x00000000ab800000, 0x00000000ab800000|100%| E|CS|TAMS 0x00000000ab700000| PB 0x00000000ab700000| Complete 
| 696|0x00000000ab800000, 0x00000000ab900000, 0x00000000ab900000|100%| E|CS|TAMS 0x00000000ab800000| PB 0x00000000ab800000| Complete 
| 697|0x00000000ab900000, 0x00000000aba00000, 0x00000000aba00000|100%| E|CS|TAMS 0x00000000ab900000| PB 0x00000000ab900000| Complete 
| 698|0x00000000aba00000, 0x00000000abb00000, 0x00000000abb00000|100%| E|CS|TAMS 0x00000000aba00000| PB 0x00000000aba00000| Complete 
| 699|0x00000000abb00000, 0x00000000abc00000, 0x00000000abc00000|100%| E|CS|TAMS 0x00000000abb00000| PB 0x00000000abb00000| Complete 
| 700|0x00000000abc00000, 0x00000000abd00000, 0x00000000abd00000|100%| E|CS|TAMS 0x00000000abc00000| PB 0x00000000abc00000| Complete 
| 701|0x00000000abd00000, 0x00000000abe00000, 0x00000000abe00000|100%| E|CS|TAMS 0x00000000abd00000| PB 0x00000000abd00000| Complete 
| 702|0x00000000abe00000, 0x00000000abf00000, 0x00000000abf00000|100%| E|CS|TAMS 0x00000000abe00000| PB 0x00000000abe00000| Complete 
| 703|0x00000000abf00000, 0x00000000ac000000, 0x00000000ac000000|100%| E|CS|TAMS 0x00000000abf00000| PB 0x00000000abf00000| Complete 
| 704|0x00000000ac000000, 0x00000000ac100000, 0x00000000ac100000|100%| E|CS|TAMS 0x00000000ac000000| PB 0x00000000ac000000| Complete 
| 705|0x00000000ac100000, 0x00000000ac200000, 0x00000000ac200000|100%| E|CS|TAMS 0x00000000ac100000| PB 0x00000000ac100000| Complete 
| 706|0x00000000ac200000, 0x00000000ac300000, 0x00000000ac300000|100%| E|CS|TAMS 0x00000000ac200000| PB 0x00000000ac200000| Complete 
| 707|0x00000000ac300000, 0x00000000ac400000, 0x00000000ac400000|100%| E|CS|TAMS 0x00000000ac300000| PB 0x00000000ac300000| Complete 
| 708|0x00000000ac400000, 0x00000000ac500000, 0x00000000ac500000|100%| E|CS|TAMS 0x00000000ac400000| PB 0x00000000ac400000| Complete 
| 709|0x00000000ac500000, 0x00000000ac600000, 0x00000000ac600000|100%| E|CS|TAMS 0x00000000ac500000| PB 0x00000000ac500000| Complete 
| 710|0x00000000ac600000, 0x00000000ac700000, 0x00000000ac700000|100%| E|CS|TAMS 0x00000000ac600000| PB 0x00000000ac600000| Complete 
| 711|0x00000000ac700000, 0x00000000ac800000, 0x00000000ac800000|100%|HS|  |TAMS 0x00000000ac800000| PB 0x00000000ac700000| Complete 
| 712|0x00000000ac800000, 0x00000000ac900000, 0x00000000ac900000|100%| E|CS|TAMS 0x00000000ac800000| PB 0x00000000ac800000| Complete 
| 713|0x00000000ac900000, 0x00000000aca00000, 0x00000000aca00000|100%| E|CS|TAMS 0x00000000ac900000| PB 0x00000000ac900000| Complete 
| 714|0x00000000aca00000, 0x00000000acb00000, 0x00000000acb00000|100%| E|CS|TAMS 0x00000000aca00000| PB 0x00000000aca00000| Complete 
| 715|0x00000000acb00000, 0x00000000acc00000, 0x00000000acc00000|100%| E|CS|TAMS 0x00000000acb00000| PB 0x00000000acb00000| Complete 
| 716|0x00000000acc00000, 0x00000000acd00000, 0x00000000acd00000|100%| E|CS|TAMS 0x00000000acc00000| PB 0x00000000acc00000| Complete 
| 717|0x00000000acd00000, 0x00000000ace00000, 0x00000000ace00000|100%| E|CS|TAMS 0x00000000acd00000| PB 0x00000000acd00000| Complete 
| 718|0x00000000ace00000, 0x00000000acf00000, 0x00000000acf00000|100%| E|CS|TAMS 0x00000000ace00000| PB 0x00000000ace00000| Complete 
| 719|0x00000000acf00000, 0x00000000ad000000, 0x00000000ad000000|100%| E|CS|TAMS 0x00000000acf00000| PB 0x00000000acf00000| Complete 
| 720|0x00000000ad000000, 0x00000000ad100000, 0x00000000ad100000|100%| E|CS|TAMS 0x00000000ad000000| PB 0x00000000ad000000| Complete 
| 721|0x00000000ad100000, 0x00000000ad200000, 0x00000000ad200000|100%| E|CS|TAMS 0x00000000ad100000| PB 0x00000000ad100000| Complete 
| 722|0x00000000ad200000, 0x00000000ad300000, 0x00000000ad300000|100%| E|CS|TAMS 0x00000000ad200000| PB 0x00000000ad200000| Complete 
| 723|0x00000000ad300000, 0x00000000ad400000, 0x00000000ad400000|100%| E|CS|TAMS 0x00000000ad300000| PB 0x00000000ad300000| Complete 
| 724|0x00000000ad400000, 0x00000000ad500000, 0x00000000ad500000|100%| E|CS|TAMS 0x00000000ad400000| PB 0x00000000ad400000| Complete 
| 725|0x00000000ad500000, 0x00000000ad600000, 0x00000000ad600000|100%| E|CS|TAMS 0x00000000ad500000| PB 0x00000000ad500000| Complete 
| 726|0x00000000ad600000, 0x00000000ad700000, 0x00000000ad700000|100%| E|CS|TAMS 0x00000000ad600000| PB 0x00000000ad600000| Complete 
| 727|0x00000000ad700000, 0x00000000ad800000, 0x00000000ad800000|100%| E|CS|TAMS 0x00000000ad700000| PB 0x00000000ad700000| Complete 
| 728|0x00000000ad800000, 0x00000000ad900000, 0x00000000ad900000|100%| E|CS|TAMS 0x00000000ad800000| PB 0x00000000ad800000| Complete 
| 729|0x00000000ad900000, 0x00000000ada00000, 0x00000000ada00000|100%| E|CS|TAMS 0x00000000ad900000| PB 0x00000000ad900000| Complete 
| 730|0x00000000ada00000, 0x00000000adb00000, 0x00000000adb00000|100%| E|CS|TAMS 0x00000000ada00000| PB 0x00000000ada00000| Complete 
| 731|0x00000000adb00000, 0x00000000adc00000, 0x00000000adc00000|100%| E|CS|TAMS 0x00000000adb00000| PB 0x00000000adb00000| Complete 
| 732|0x00000000adc00000, 0x00000000add00000, 0x00000000add00000|100%| E|CS|TAMS 0x00000000adc00000| PB 0x00000000adc00000| Complete 
| 733|0x00000000add00000, 0x00000000ade00000, 0x00000000ade00000|100%| E|CS|TAMS 0x00000000add00000| PB 0x00000000add00000| Complete 
| 734|0x00000000ade00000, 0x00000000adf00000, 0x00000000adf00000|100%| E|CS|TAMS 0x00000000ade00000| PB 0x00000000ade00000| Complete 
| 735|0x00000000adf00000, 0x00000000ae000000, 0x00000000ae000000|100%| E|CS|TAMS 0x00000000adf00000| PB 0x00000000adf00000| Complete 
| 736|0x00000000ae000000, 0x00000000ae100000, 0x00000000ae100000|100%| E|CS|TAMS 0x00000000ae000000| PB 0x00000000ae000000| Complete 
| 737|0x00000000ae100000, 0x00000000ae200000, 0x00000000ae200000|100%| E|CS|TAMS 0x00000000ae100000| PB 0x00000000ae100000| Complete 
| 738|0x00000000ae200000, 0x00000000ae300000, 0x00000000ae300000|100%| E|CS|TAMS 0x00000000ae200000| PB 0x00000000ae200000| Complete 
| 739|0x00000000ae300000, 0x00000000ae400000, 0x00000000ae400000|100%| E|CS|TAMS 0x00000000ae300000| PB 0x00000000ae300000| Complete 
| 740|0x00000000ae400000, 0x00000000ae500000, 0x00000000ae500000|100%| E|CS|TAMS 0x00000000ae400000| PB 0x00000000ae400000| Complete 
| 741|0x00000000ae500000, 0x00000000ae600000, 0x00000000ae600000|100%| E|CS|TAMS 0x00000000ae500000| PB 0x00000000ae500000| Complete 
| 742|0x00000000ae600000, 0x00000000ae700000, 0x00000000ae700000|100%| E|CS|TAMS 0x00000000ae600000| PB 0x00000000ae600000| Complete 
| 743|0x00000000ae700000, 0x00000000ae800000, 0x00000000ae800000|100%| E|CS|TAMS 0x00000000ae700000| PB 0x00000000ae700000| Complete 
| 744|0x00000000ae800000, 0x00000000ae900000, 0x00000000ae900000|100%| E|CS|TAMS 0x00000000ae800000| PB 0x00000000ae800000| Complete 
| 745|0x00000000ae900000, 0x00000000aea00000, 0x00000000aea00000|100%| E|CS|TAMS 0x00000000ae900000| PB 0x00000000ae900000| Complete 
|2000|0x00000000fd000000, 0x00000000fd100000, 0x00000000fd100000|100%| O|  |TAMS 0x00000000fd100000| PB 0x00000000fd100000| Untracked 
|2001|0x00000000fd100000, 0x00000000fd200000, 0x00000000fd200000|100%| O|  |TAMS 0x00000000fd200000| PB 0x00000000fd200000| Untracked 
|2002|0x00000000fd200000, 0x00000000fd300000, 0x00000000fd300000|100%| O|  |TAMS 0x00000000fd300000| PB 0x00000000fd300000| Untracked 
|2003|0x00000000fd300000, 0x00000000fd400000, 0x00000000fd400000|100%| O|  |TAMS 0x00000000fd400000| PB 0x00000000fd400000| Untracked 
|2004|0x00000000fd400000, 0x00000000fd500000, 0x00000000fd500000|100%| E|CS|TAMS 0x00000000fd400000| PB 0x00000000fd400000| Complete 
|2005|0x00000000fd500000, 0x00000000fd600000, 0x00000000fd600000|100%| E|CS|TAMS 0x00000000fd500000| PB 0x00000000fd500000| Complete 
|2006|0x00000000fd600000, 0x00000000fd700000, 0x00000000fd700000|100%| E|CS|TAMS 0x00000000fd600000| PB 0x00000000fd600000| Complete 
|2007|0x00000000fd700000, 0x00000000fd800000, 0x00000000fd800000|100%| O|  |TAMS 0x00000000fd800000| PB 0x00000000fd800000| Updating 
|2008|0x00000000fd800000, 0x00000000fd900000, 0x00000000fd900000|100%| E|CS|TAMS 0x00000000fd800000| PB 0x00000000fd800000| Complete 
|2009|0x00000000fd900000, 0x00000000fda00000, 0x00000000fda00000|100%| O|  |TAMS 0x00000000fda00000| PB 0x00000000fda00000| Untracked 
|2010|0x00000000fda00000, 0x00000000fdb00000, 0x00000000fdb00000|100%| E|CS|TAMS 0x00000000fda00000| PB 0x00000000fda00000| Complete 
|2011|0x00000000fdb00000, 0x00000000fdc00000, 0x00000000fdc00000|100%| E|CS|TAMS 0x00000000fdb00000| PB 0x00000000fdb00000| Complete 
|2012|0x00000000fdc00000, 0x00000000fdd00000, 0x00000000fdd00000|100%| O|  |TAMS 0x00000000fdd00000| PB 0x00000000fdd00000| Updating 
|2013|0x00000000fdd00000, 0x00000000fde00000, 0x00000000fde00000|100%| O|  |TAMS 0x00000000fde00000| PB 0x00000000fde00000| Untracked 
|2014|0x00000000fde00000, 0x00000000fdf00000, 0x00000000fdf00000|100%| O|  |TAMS 0x00000000fdf00000| PB 0x00000000fdf00000| Untracked 
|2015|0x00000000fdf00000, 0x00000000fe000000, 0x00000000fe000000|100%| O|  |TAMS 0x00000000fe000000| PB 0x00000000fe000000| Untracked 
|2016|0x00000000fe000000, 0x00000000fe100000, 0x00000000fe100000|100%| O|  |TAMS 0x00000000fe100000| PB 0x00000000fe100000| Untracked 
|2017|0x00000000fe100000, 0x00000000fe200000, 0x00000000fe200000|100%| O|  |TAMS 0x00000000fe200000| PB 0x00000000fe200000| Untracked 
|2018|0x00000000fe200000, 0x00000000fe300000, 0x00000000fe300000|100%| O|  |TAMS 0x00000000fe300000| PB 0x00000000fe300000| Untracked 
|2019|0x00000000fe300000, 0x00000000fe400000, 0x00000000fe400000|100%| O|  |TAMS 0x00000000fe400000| PB 0x00000000fe400000| Untracked 
|2020|0x00000000fe400000, 0x00000000fe500000, 0x00000000fe500000|100%| O|  |TAMS 0x00000000fe500000| PB 0x00000000fe500000| Untracked 
|2021|0x00000000fe500000, 0x00000000fe600000, 0x00000000fe600000|100%| O|  |TAMS 0x00000000fe600000| PB 0x00000000fe600000| Untracked 
|2022|0x00000000fe600000, 0x00000000fe700000, 0x00000000fe700000|100%| O|  |TAMS 0x00000000fe700000| PB 0x00000000fe700000| Untracked 
|2023|0x00000000fe700000, 0x00000000fe800000, 0x00000000fe800000|100%| O|  |TAMS 0x00000000fe800000| PB 0x00000000fe800000| Untracked 
|2024|0x00000000fe800000, 0x00000000fe900000, 0x00000000fe900000|100%| O|  |TAMS 0x00000000fe900000| PB 0x00000000fe900000| Untracked 
|2025|0x00000000fe900000, 0x00000000fea00000, 0x00000000fea00000|100%| O|  |TAMS 0x00000000fea00000| PB 0x00000000fea00000| Untracked 
|2026|0x00000000fea00000, 0x00000000feb00000, 0x00000000feb00000|100%| O|  |TAMS 0x00000000feb00000| PB 0x00000000feb00000| Untracked 
|2027|0x00000000feb00000, 0x00000000fec00000, 0x00000000fec00000|100%| E|CS|TAMS 0x00000000feb00000| PB 0x00000000feb00000| Complete 
|2028|0x00000000fec00000, 0x00000000fed00000, 0x00000000fed00000|100%| O|  |TAMS 0x00000000fed00000| PB 0x00000000fed00000| Untracked 
|2029|0x00000000fed00000, 0x00000000fee00000, 0x00000000fee00000|100%| O|  |TAMS 0x00000000fee00000| PB 0x00000000fee00000| Untracked 
|2030|0x00000000fee00000, 0x00000000fef00000, 0x00000000fef00000|100%| O|  |TAMS 0x00000000fef00000| PB 0x00000000fef00000| Updating 
|2031|0x00000000fef00000, 0x00000000ff000000, 0x00000000ff000000|100%| O|  |TAMS 0x00000000ff000000| PB 0x00000000ff000000| Untracked 
|2032|0x00000000ff000000, 0x00000000ff100000, 0x00000000ff100000|100%| O|  |TAMS 0x00000000ff100000| PB 0x00000000ff100000| Untracked 
|2033|0x00000000ff100000, 0x00000000ff200000, 0x00000000ff200000|100%| O|  |TAMS 0x00000000ff200000| PB 0x00000000ff200000| Untracked 
|2034|0x00000000ff200000, 0x00000000ff300000, 0x00000000ff300000|100%| O|  |TAMS 0x00000000ff300000| PB 0x00000000ff300000| Untracked 
|2035|0x00000000ff300000, 0x00000000ff400000, 0x00000000ff400000|100%| O|  |TAMS 0x00000000ff400000| PB 0x00000000ff400000| Untracked 
|2036|0x00000000ff400000, 0x00000000ff500000, 0x00000000ff500000|100%| O|  |TAMS 0x00000000ff500000| PB 0x00000000ff500000| Untracked 
|2037|0x00000000ff500000, 0x00000000ff600000, 0x00000000ff600000|100%| O|  |TAMS 0x00000000ff600000| PB 0x00000000ff600000| Untracked 
|2038|0x00000000ff600000, 0x00000000ff700000, 0x00000000ff700000|100%| O|  |TAMS 0x00000000ff700000| PB 0x00000000ff700000| Untracked 
|2039|0x00000000ff700000, 0x00000000ff800000, 0x00000000ff800000|100%| O|  |TAMS 0x00000000ff800000| PB 0x00000000ff800000| Untracked 
|2040|0x00000000ff800000, 0x00000000ff900000, 0x00000000ff900000|100%| O|  |TAMS 0x00000000ff900000| PB 0x00000000ff900000| Untracked 
|2041|0x00000000ff900000, 0x00000000ffa00000, 0x00000000ffa00000|100%| O|  |TAMS 0x00000000ffa00000| PB 0x00000000ffa00000| Untracked 
|2042|0x00000000ffa00000, 0x00000000ffb00000, 0x00000000ffb00000|100%| O|  |TAMS 0x00000000ffb00000| PB 0x00000000ffb00000| Untracked 
|2043|0x00000000ffb00000, 0x00000000ffc00000, 0x00000000ffc00000|100%| O|  |TAMS 0x00000000ffc00000| PB 0x00000000ffc00000| Updating 
|2044|0x00000000ffc00000, 0x00000000ffd00000, 0x00000000ffd00000|100%| O|  |TAMS 0x00000000ffd00000| PB 0x00000000ffd00000| Untracked 
|2045|0x00000000ffd00000, 0x00000000ffe00000, 0x00000000ffe00000|100%| E|CS|TAMS 0x00000000ffd00000| PB 0x00000000ffd00000| Complete 
|2046|0x00000000ffe00000, 0x00000000fff00000, 0x00000000fff00000|100%| E|CS|TAMS 0x00000000ffe00000| PB 0x00000000ffe00000| Complete 
|2047|0x00000000fff00000, 0x0000000100000000, 0x0000000100000000|100%| O|  |TAMS 0x0000000100000000| PB 0x0000000100000000| Untracked 

Card table byte_map: [0x00000179a5480000,0x00000179a5880000] _byte_map_base: 0x00000179a5080000

Marking Bits: (CMBitMap*) 0x000001798c8c09b0
 Bits: [0x00000179a5880000, 0x00000179a7880000)

Polling page: 0x000001798a560000

Metaspace:

Usage:
  Non-class:    106.73 MB used.
      Class:     14.00 MB used.
       Both:    120.73 MB used.

Virtual space:
  Non-class space:      128.00 MB reserved,     108.31 MB ( 85%) committed,  2 nodes.
      Class space:        1.00 GB reserved,      15.12 MB (  1%) committed,  1 nodes.
             Both:        1.12 GB reserved,     123.44 MB ( 11%) committed. 

Chunk freelists:
   Non-Class:  3.00 MB
       Class:  912.00 KB
        Both:  3.89 MB

MaxMetaspaceSize: unlimited
CompressedClassSpaceSize: 1.00 GB
Initial GC threshold: 21.00 MB
Current GC threshold: 195.62 MB
CDS: off
 - commit_granule_bytes: 65536.
 - commit_granule_words: 8192.
 - virtual_space_node_default_size: 8388608.
 - enlarge_chunks_in_place: 1.
 - use_allocation_guard: 0.


Internal statistics:

num_allocs_failed_limit: 30.
num_arena_births: 1662.
num_arena_deaths: 6.
num_vsnodes_births: 3.
num_vsnodes_deaths: 0.
num_space_committed: 1974.
num_space_uncommitted: 0.
num_chunks_returned_to_freelist: 39.
num_chunks_taken_from_freelist: 6896.
num_chunk_merges: 21.
num_chunk_splits: 4264.
num_chunks_enlarged: 2369.
num_inconsistent_stats: 0.

CodeHeap 'non-profiled nmethods': size=120000Kb used=12775Kb max_used=12915Kb free=107224Kb
 bounds [0x000001799d600000, 0x000001799e2a0000, 0x00000179a4b30000]
CodeHeap 'profiled nmethods': size=120000Kb used=30070Kb max_used=31485Kb free=89929Kb
 bounds [0x0000017995b30000, 0x00000179979f0000, 0x000001799d060000]
CodeHeap 'non-nmethods': size=5760Kb used=2123Kb max_used=2185Kb free=3636Kb
 bounds [0x000001799d060000, 0x000001799d2d0000, 0x000001799d600000]
CodeCache: size=245760Kb, used=44968Kb, max_used=46585Kb, free=200789Kb
 total_blobs=15881, nmethods=14645, adapters=1136, full_count=0
Compilation: enabled, stopped_count=0, restarted_count=0

Compilation events (20 events):
Event: 282.855 Thread 0x00000179aa67de10 23849       3       org.eclipse.cdt.internal.core.dom.parser.c.CFunction::getDefinition (5 bytes)
Event: 282.856 Thread 0x00000179aa67de10 nmethod 23849 0x00000179975e8290 code [0x00000179975e8420, 0x00000179975e85b8]
Event: 282.856 Thread 0x00000179aa67de10 23852       3       org.eclipse.cdt.internal.core.dom.parser.c.CFunction::getDeclarations (5 bytes)
Event: 282.856 Thread 0x00000179aa67de10 nmethod 23852 0x00000179970cf090 code [0x00000179970cf220, 0x00000179970cf3b8]
Event: 282.856 Thread 0x00000179aa67de10 23850       3       org.eclipse.cdt.internal.core.pdom.dom.c.PDOMCFunction::update (84 bytes)
Event: 282.857 Thread 0x00000179aa67de10 nmethod 23850 0x00000179970ce210 code [0x00000179970ce480, 0x00000179970ced28]
Event: 282.857 Thread 0x00000179aa67de10 23851       3       org.eclipse.cdt.internal.core.pdom.dom.c.PDOMCFunction::getFirstParameter (40 bytes)
Event: 282.857 Thread 0x00000179aa67de10 nmethod 23851 0x00000179970cd590 code [0x00000179970cd7a0, 0x00000179970cdf20]
Event: 282.881 Thread 0x00000179aa67de10 23857       2       org.eclipse.core.internal.events.ResourceDeltaFactory::checkForOpen (80 bytes)
Event: 282.882 Thread 0x00000179aa67de10 nmethod 23857 0x00000179970cd010 code [0x00000179970cd1c0, 0x00000179970cd3f8]
Event: 282.888 Thread 0x00000179aa67de10 23858       2       org.eclipse.core.internal.dtree.DeltaDataTree::setData (43 bytes)
Event: 282.889 Thread 0x00000179aa67de10 nmethod 23858 0x00000179970cc610 code [0x00000179970cc840, 0x00000179970ccd08]
Event: 282.889 Thread 0x00000179aa67de10 23859       2       org.eclipse.core.internal.dtree.DataDeltaNode::<init> (7 bytes)
Event: 282.890 Thread 0x00000179aa67de10 nmethod 23859 0x00000179970cc210 code [0x00000179970cc3c0, 0x00000179970cc550]
Event: 282.890 Thread 0x00000179aa67de10 23860   !   3       org.eclipse.cdt.internal.core.cdtvariables.EclipseVariablesVariableSupplier$EclipseVarMacro::loadValue (98 bytes)
Event: 282.891 Thread 0x00000179aa67de10 nmethod 23860 0x00000179970cae10 code [0x00000179970cb0a0, 0x00000179970cbe30]
Event: 282.892 Thread 0x00000179aa67de10 23861       1       org.eclipse.cdt.core.dom.parser.AbstractScannerExtensionConfiguration::getAdditionalKeywords (5 bytes)
Event: 282.892 Thread 0x00000179aa67de10 nmethod 23861 0x000001799e29c890 code [0x000001799e29ca20, 0x000001799e29cae8]
Event: 282.892 Thread 0x00000179aa67de10 23862       1       org.eclipse.cdt.core.dom.parser.AbstractScannerExtensionConfiguration::getAdditionalPreprocessorKeywords (5 bytes)
Event: 282.892 Thread 0x00000179aa67de10 nmethod 23862 0x000001799e29cb90 code [0x000001799e29cd20, 0x000001799e29cde8]

GC Heap History (20 events):
Event: 73.224 GC heap before
{Heap before GC invocations=61 (full 0):
 garbage-first heap   total 599040K, used 559370K [0x0000000080000000, 0x0000000100000000)
  region size 1024K, 195 young (199680K), 25 survivors (25600K)
 Metaspace       used 116632K, committed 119104K, reserved 1179648K
  class space    used 13512K, committed 14528K, reserved 1048576K
}
Event: 73.248 GC heap after
{Heap after GC invocations=62 (full 0):
 garbage-first heap   total 605184K, used 404766K [0x0000000080000000, 0x0000000100000000)
  region size 1024K, 19 young (19456K), 19 survivors (19456K)
 Metaspace       used 116632K, committed 119104K, reserved 1179648K
  class space    used 13512K, committed 14528K, reserved 1048576K
}
Event: 76.550 GC heap before
{Heap before GC invocations=63 (full 0):
 garbage-first heap   total 675840K, used 674078K [0x0000000080000000, 0x0000000100000000)
  region size 1024K, 132 young (135168K), 19 survivors (19456K)
 Metaspace       used 116771K, committed 119232K, reserved 1179648K
  class space    used 13512K, committed 14528K, reserved 1048576K
}
Event: 76.568 GC heap after
{Heap after GC invocations=64 (full 0):
 garbage-first heap   total 703488K, used 424657K [0x0000000080000000, 0x0000000100000000)
  region size 1024K, 10 young (10240K), 10 survivors (10240K)
 Metaspace       used 116771K, committed 119232K, reserved 1179648K
  class space    used 13512K, committed 14528K, reserved 1048576K
}
Event: 77.638 GC heap before
{Heap before GC invocations=64 (full 0):
 garbage-first heap   total 717824K, used 716497K [0x0000000080000000, 0x0000000100000000)
  region size 1024K, 54 young (55296K), 10 survivors (10240K)
 Metaspace       used 116820K, committed 119296K, reserved 1179648K
  class space    used 13513K, committed 14528K, reserved 1048576K
}
Event: 77.647 GC heap after
{Heap after GC invocations=65 (full 0):
 garbage-first heap   total 734208K, used 431788K [0x0000000080000000, 0x0000000100000000)
  region size 1024K, 10 young (10240K), 10 survivors (10240K)
 Metaspace       used 116820K, committed 119296K, reserved 1179648K
  class space    used 13513K, committed 14528K, reserved 1048576K
}
Event: 77.650 GC heap before
{Heap before GC invocations=65 (full 0):
 garbage-first heap   total 734208K, used 431788K [0x0000000080000000, 0x0000000100000000)
  region size 1024K, 11 young (11264K), 10 survivors (10240K)
 Metaspace       used 116820K, committed 119296K, reserved 1179648K
  class space    used 13513K, committed 14528K, reserved 1048576K
}
Event: 77.655 GC heap after
{Heap after GC invocations=66 (full 0):
 garbage-first heap   total 734208K, used 431306K [0x0000000080000000, 0x0000000100000000)
  region size 1024K, 10 young (10240K), 10 survivors (10240K)
 Metaspace       used 116820K, committed 119296K, reserved 1179648K
  class space    used 13513K, committed 14528K, reserved 1048576K
}
Event: 79.538 GC heap before
{Heap before GC invocations=67 (full 0):
 garbage-first heap   total 774144K, used 772298K [0x0000000080000000, 0x0000000100000000)
  region size 1024K, 65 young (66560K), 10 survivors (10240K)
 Metaspace       used 116868K, committed 119296K, reserved 1179648K
  class space    used 13513K, committed 14528K, reserved 1048576K
}
Event: 79.548 GC heap after
{Heap after GC invocations=68 (full 0):
 garbage-first heap   total 784384K, used 443739K [0x0000000080000000, 0x0000000100000000)
  region size 1024K, 10 young (10240K), 10 survivors (10240K)
 Metaspace       used 116868K, committed 119296K, reserved 1179648K
  class space    used 13513K, committed 14528K, reserved 1048576K
}
Event: 83.546 GC heap before
{Heap before GC invocations=68 (full 0):
 garbage-first heap   total 784384K, used 782683K [0x0000000080000000, 0x0000000100000000)
  region size 1024K, 179 young (183296K), 10 survivors (10240K)
 Metaspace       used 117406K, committed 120000K, reserved 1179648K
  class space    used 13578K, committed 14656K, reserved 1048576K
}
Event: 83.568 GC heap after
{Heap after GC invocations=69 (full 0):
 garbage-first heap   total 813056K, used 469130K [0x0000000080000000, 0x0000000100000000)
  region size 1024K, 24 young (24576K), 24 survivors (24576K)
 Metaspace       used 117406K, committed 120000K, reserved 1179648K
  class space    used 13578K, committed 14656K, reserved 1048576K
}
Event: 84.330 GC heap before
{Heap before GC invocations=69 (full 0):
 garbage-first heap   total 813056K, used 499850K [0x0000000080000000, 0x0000000100000000)
  region size 1024K, 55 young (56320K), 24 survivors (24576K)
 Metaspace       used 117456K, committed 120000K, reserved 1179648K
  class space    used 13578K, committed 14656K, reserved 1048576K
}
Event: 84.343 GC heap after
{Heap after GC invocations=70 (full 0):
 garbage-first heap   total 813056K, used 462688K [0x0000000080000000, 0x0000000100000000)
  region size 1024K, 19 young (19456K), 19 survivors (19456K)
 Metaspace       used 117456K, committed 120000K, reserved 1179648K
  class space    used 13578K, committed 14656K, reserved 1048576K
}
Event: 260.439 GC heap before
{Heap before GC invocations=71 (full 0):
 garbage-first heap   total 813056K, used 716640K [0x0000000080000000, 0x0000000100000000)
  region size 1024K, 259 young (265216K), 19 survivors (19456K)
 Metaspace       used 122203K, committed 124928K, reserved 1179648K
  class space    used 14221K, committed 15360K, reserved 1048576K
}
Event: 260.499 GC heap after
{Heap after GC invocations=72 (full 0):
 garbage-first heap   total 813056K, used 532472K [0x0000000080000000, 0x0000000100000000)
  region size 1024K, 33 young (33792K), 33 survivors (33792K)
 Metaspace       used 122203K, committed 124928K, reserved 1179648K
  class space    used 14221K, committed 15360K, reserved 1048576K
}
Event: 280.936 GC heap before
{Heap before GC invocations=72 (full 0):
 garbage-first heap   total 813056K, used 715768K [0x0000000080000000, 0x0000000100000000)
  region size 1024K, 213 young (218112K), 33 survivors (33792K)
 Metaspace       used 123489K, committed 126208K, reserved 1179648K
  class space    used 14335K, committed 15488K, reserved 1048576K
}
Event: 280.966 GC heap after
{Heap after GC invocations=73 (full 0):
 garbage-first heap   total 813056K, used 535552K [0x0000000080000000, 0x0000000100000000)
  region size 1024K, 9 young (9216K), 9 survivors (9216K)
 Metaspace       used 123489K, committed 126208K, reserved 1179648K
  class space    used 14335K, committed 15488K, reserved 1048576K
}
Event: 282.238 GC heap before
{Heap before GC invocations=73 (full 0):
 garbage-first heap   total 813056K, used 726016K [0x0000000080000000, 0x0000000100000000)
  region size 1024K, 196 young (200704K), 9 survivors (9216K)
 Metaspace       used 123609K, committed 126336K, reserved 1179648K
  class space    used 14335K, committed 15488K, reserved 1048576K
}
Event: 282.250 GC heap after
{Heap after GC invocations=74 (full 0):
 garbage-first heap   total 813056K, used 538315K [0x0000000080000000, 0x0000000100000000)
  region size 1024K, 12 young (12288K), 12 survivors (12288K)
 Metaspace       used 123609K, committed 126336K, reserved 1179648K
  class space    used 14335K, committed 15488K, reserved 1048576K
}

Dll operation events (20 events):
Event: 0.085 Loaded shared library C:\ST\STM32CubeIDE_2.2.0\STM32CubeIDE\plugins\com.st.stm32cube.ide.jre.win64_3.4.300.202604201452\jre\bin\nio.dll
Event: 0.091 Loaded shared library C:\ST\STM32CubeIDE_2.2.0\STM32CubeIDE\plugins\com.st.stm32cube.ide.jre.win64_3.4.300.202604201452\jre\bin\zip.dll
Event: 0.188 Loaded shared library C:\ST\STM32CubeIDE_2.2.0\STM32CubeIDE\plugins\com.st.stm32cube.ide.jre.win64_3.4.300.202604201452\jre\bin\jimage.dll
Event: 1.951 Loaded shared library C:\ST\STM32CubeIDE_2.2.0\STM32CubeIDE\configuration\org.eclipse.osgi\360\0\.cp\swt-osversion-win32-4971r15.dll
Event: 1.963 Loaded shared library C:\ST\STM32CubeIDE_2.2.0\STM32CubeIDE\configuration\org.eclipse.osgi\360\0\.cp\swt-win32-4971r15.dll
Event: 2.029 Loaded shared library C:\ST\STM32CubeIDE_2.2.0\STM32CubeIDE\configuration\org.eclipse.osgi\360\0\.cp\swt-gdip-win32-4971r15.dll
Event: 2.464 Loaded shared library C:\Users\mfdal\AppData\Local\Temp\jna-103801686\jna3022368169776987608.dll
Event: 4.956 Loaded shared library C:\ST\STM32CubeIDE_2.2.0\STM32CubeIDE\plugins\com.st.stm32cube.ide.jre.win64_3.4.300.202604201452\jre\bin\awt.dll
Event: 5.684 Loaded shared library C:\ST\STM32CubeIDE_2.2.0\STM32CubeIDE\plugins\com.st.stm32cube.ide.jre.win64_3.4.300.202604201452\jre\bin\mlib_image.dll
Event: 7.635 Loaded shared library C:\ST\STM32CubeIDE_2.2.0\STM32CubeIDE\plugins\com.st.stm32cube.ide.jre.win64_3.4.300.202604201452\jre\bin\management.dll
Event: 7.639 Loaded shared library C:\ST\STM32CubeIDE_2.2.0\STM32CubeIDE\plugins\com.st.stm32cube.ide.jre.win64_3.4.300.202604201452\jre\bin\management_ext.dll
Event: 13.320 Loaded shared library C:\ST\STM32CubeIDE_2.2.0\STM32CubeIDE\plugins\com.st.stm32cube.ide.jre.win64_3.4.300.202604201452\jre\bin\prefs.dll
Event: 13.599 Loaded shared library C:\ST\STM32CubeIDE_2.2.0\STM32CubeIDE\plugins\com.st.stm32cube.ide.jre.win64_3.4.300.202604201452\jre\bin\freetype.dll
Event: 13.603 Loaded shared library C:\ST\STM32CubeIDE_2.2.0\STM32CubeIDE\plugins\com.st.stm32cube.ide.jre.win64_3.4.300.202604201452\jre\bin\fontmanager.dll
Event: 15.367 Loaded shared library C:\ST\STM32CubeIDE_2.2.0\STM32CubeIDE\plugins\com.st.stm32cube.ide.jre.win64_3.4.300.202604201452\jre\bin\sunmscapi.dll
Event: 15.891 Loaded shared library C:\ST\STM32CubeIDE_2.2.0\STM32CubeIDE\plugins\com.st.stm32cube.ide.jre.win64_3.4.300.202604201452\jre\bin\extnet.dll
Event: 15.984 Loaded shared library C:\ST\STM32CubeIDE_2.2.0\STM32CubeIDE\plugins\org.eclipse.cdt.core.win32.x86_64_12.3.0.202512021919\os\win32\x86_64\spawner.dll
Event: 16.824 Loaded shared library C:\ST\STM32CubeIDE_2.2.0\STM32CubeIDE\plugins\com.st.stm32cube.ide.jre.win64_3.4.300.202604201452\jre\bin\verify.dll
Event: 17.532 Loaded shared library C:\ST\STM32CubeIDE_2.2.0\STM32CubeIDE\plugins\com.st.stm32cube.ide.jre.win64_3.4.300.202604201452\jre\bin\rmi.dll
Event: 18.071 Loaded shared library C:\ST\STM32CubeIDE_2.2.0\STM32CubeIDE\configuration\org.eclipse.osgi\200\0\.cp\os\win32\x86_64\serial.dll

Deoptimization events (20 events):
Event: 282.546 Thread 0x00000179b50546f0 DEOPT PACKING pc=0x0000017995c8478e sp=0x0000005391afe7f0
Event: 282.546 Thread 0x00000179b50546f0 DEOPT UNPACKING pc=0x000001799d0b4b42 sp=0x0000005391afdcf0 mode 0
Event: 282.547 Thread 0x00000179b50546f0 DEOPT PACKING pc=0x000001799689ffd2 sp=0x0000005391afe840
Event: 282.547 Thread 0x00000179b50546f0 DEOPT UNPACKING pc=0x000001799d0b4b42 sp=0x0000005391afdcf8 mode 0
Event: 282.625 Thread 0x00000179b50546f0 DEOPT PACKING pc=0x000001799689ffd2 sp=0x0000005391afe840
Event: 282.625 Thread 0x00000179b50546f0 DEOPT UNPACKING pc=0x000001799d0b4b42 sp=0x0000005391afdcf8 mode 0
Event: 282.639 Thread 0x00000179b50546f0 DEOPT PACKING pc=0x000001799689ffd2 sp=0x0000005391afe430
Event: 282.639 Thread 0x00000179b50546f0 DEOPT UNPACKING pc=0x000001799d0b4b42 sp=0x0000005391afd8e8 mode 0
Event: 282.650 Thread 0x00000179b50546f0 DEOPT PACKING pc=0x0000017996734167 sp=0x0000005391afe820
Event: 282.651 Thread 0x00000179b50546f0 DEOPT UNPACKING pc=0x000001799d0b4b42 sp=0x0000005391afdd30 mode 0
Event: 282.679 Thread 0x00000179b50546f0 DEOPT PACKING pc=0x0000017995c8478e sp=0x0000005391afe7f0
Event: 282.679 Thread 0x00000179b50546f0 DEOPT UNPACKING pc=0x000001799d0b4b42 sp=0x0000005391afdcf0 mode 0
Event: 282.709 Thread 0x00000179b50546f0 DEOPT PACKING pc=0x000001799647b542 sp=0x0000005391afdeb0
Event: 282.709 Thread 0x00000179b50546f0 DEOPT UNPACKING pc=0x000001799d0b4b42 sp=0x0000005391afd3a8 mode 0
Event: 282.778 Thread 0x00000179b50546f0 DEOPT PACKING pc=0x0000017996734167 sp=0x0000005391afe820
Event: 282.778 Thread 0x00000179b50546f0 DEOPT UNPACKING pc=0x000001799d0b4b42 sp=0x0000005391afdd30 mode 0
Event: 282.784 Thread 0x00000179b50546f0 DEOPT PACKING pc=0x000001799647b542 sp=0x0000005391afdd70
Event: 282.784 Thread 0x00000179b50546f0 DEOPT UNPACKING pc=0x000001799d0b4b42 sp=0x0000005391afd268 mode 0
Event: 282.872 Thread 0x00000179b50546f0 DEOPT PACKING pc=0x0000017995c8478e sp=0x0000005391afe7f0
Event: 282.872 Thread 0x00000179b50546f0 DEOPT UNPACKING pc=0x000001799d0b4b42 sp=0x0000005391afdcf0 mode 0

Classes loaded (20 events):
Event: 260.042 Loading class java/util/concurrent/atomic/AtomicIntegerArray
Event: 260.043 Loading class java/util/concurrent/atomic/AtomicIntegerArray done
Event: 260.046 Loading class java/util/concurrent/atomic/AtomicLongArray
Event: 260.046 Loading class java/util/concurrent/atomic/AtomicLongArray done
Event: 260.162 Loading class java/lang/StringLatin1$CharsSpliterator
Event: 260.163 Loading class java/lang/StringLatin1$CharsSpliterator done
Event: 260.296 Loading class java/util/stream/IntPipeline$10
Event: 260.297 Loading class java/util/stream/IntPipeline$10 done
Event: 260.297 Loading class java/util/stream/ReduceOps$9
Event: 260.297 Loading class java/util/stream/ReduceOps$9 done
Event: 260.297 Loading class java/util/stream/ReduceOps$CountingSink$OfInt
Event: 260.298 Loading class java/util/stream/ReduceOps$CountingSink$OfInt done
Event: 260.298 Loading class java/util/stream/IntPipeline$10$1
Event: 260.298 Loading class java/util/stream/IntPipeline$10$1 done
Event: 264.473 Loading class java/util/concurrent/ConcurrentHashMap$ValueSpliterator
Event: 264.473 Loading class java/util/concurrent/ConcurrentHashMap$ValueSpliterator done
Event: 267.868 Loading class java/util/stream/ReferencePipeline$15
Event: 267.869 Loading class java/util/stream/ReferencePipeline$15 done
Event: 267.869 Loading class java/util/stream/ReferencePipeline$15$1
Event: 267.869 Loading class java/util/stream/ReferencePipeline$15$1 done

Classes unloaded (3 events):
Event: 21.015 Thread 0x00000179aa601f50 Unloading class 0x0000000100ad5c00 'java/lang/invoke/LambdaForm$MH+0x0000000100ad5c00'
Event: 21.015 Thread 0x00000179aa601f50 Unloading class 0x0000000100ad5400 'java/lang/invoke/LambdaForm$DMH+0x0000000100ad5400'
Event: 21.015 Thread 0x00000179aa601f50 Unloading class 0x0000000100ad4800 'java/lang/invoke/LambdaForm$DMH+0x0000000100ad4800'

Classes redefined (0 events):
No events

Internal exceptions (20 events):
Event: 259.464 Thread 0x00000179b50546f0 Exception <a 'java/io/FileNotFoundException'{0x000000009ff0cb08}> (0x000000009ff0cb08) 
thrown [s\src\hotspot\share\prims\jni.cpp, line 520]
Event: 259.464 Thread 0x00000179b50546f0 Exception <a 'java/io/FileNotFoundException'{0x000000009ff0dd00}> (0x000000009ff0dd00) 
thrown [s\src\hotspot\share\prims\jni.cpp, line 520]
Event: 259.535 Thread 0x00000179b50546f0 Exception <a 'java/net/ConnectException'{0x000000009fdc3d40}: Connection refused: connect> (0x000000009fdc3d40) 
thrown [s\src\hotspot\share\prims\jni.cpp, line 539]
Event: 259.543 Thread 0x00000179b50546f0 Exception <a 'java/net/ConnectException'{0x000000009fdc9840}: Connection refused: connect> (0x000000009fdc9840) 
thrown [s\src\hotspot\share\prims\jni.cpp, line 539]
Event: 260.100 Thread 0x00000179b50546f0 Exception <a 'java/lang/NoSuchMethodError'{0x000000009f6c3d38}: 'java.lang.Object java.lang.invoke.DirectMethodHandle$Holder.newInvokeSpecial(java.lang.Object, java.lang.Object, java.lang.Object, java.lang.Object, java.lang.Object, java.lang.Object, java.lang.Object)'> (0x000000009f6c3d38) 
thrown [s\src\hotspot\share\interpreter\linkResolver.cpp, line 773]
Event: 260.113 Thread 0x00000179b50546f0 Exception <a 'java/io/FileNotFoundException'{0x000000009f5a4270}> (0x000000009f5a4270) 
thrown [s\src\hotspot\share\prims\jni.cpp, line 520]
Event: 260.286 Thread 0x00000179b50546f0 Exception <a 'java/io/FileNotFoundException'{0x000000009e24e1d8}> (0x000000009e24e1d8) 
thrown [s\src\hotspot\share\prims\jni.cpp, line 520]
Event: 260.287 Thread 0x00000179b50546f0 Exception <a 'sun/nio/fs/WindowsException'{0x000000009e254e10}> (0x000000009e254e10) 
thrown [s\src\hotspot\share\prims\jni.cpp, line 520]
Event: 260.290 Thread 0x00000179b50546f0 Exception <a 'sun/nio/fs/WindowsException'{0x000000009e26b178}> (0x000000009e26b178) 
thrown [s\src\hotspot\share\prims\jni.cpp, line 520]
Event: 260.293 Thread 0x00000179b50546f0 Exception <a 'sun/nio/fs/WindowsException'{0x000000009e28d600}> (0x000000009e28d600) 
thrown [s\src\hotspot\share\prims\jni.cpp, line 520]
Event: 260.294 Thread 0x00000179b50546f0 Exception <a 'sun/nio/fs/WindowsException'{0x000000009e29ea78}> (0x000000009e29ea78) 
thrown [s\src\hotspot\share\prims\jni.cpp, line 520]
Event: 260.328 Thread 0x000001798c86ae90 Exception <a 'java/io/FileNotFoundException'{0x000000009e117760}> (0x000000009e117760) 
thrown [s\src\hotspot\share\prims\jni.cpp, line 520]
Event: 260.328 Thread 0x000001798c86ae90 Exception <a 'java/io/FileNotFoundException'{0x000000009e118940}> (0x000000009e118940) 
thrown [s\src\hotspot\share\prims\jni.cpp, line 520]
Event: 262.367 Thread 0x00000179c02963f0 Exception <a 'java/io/IOException'{0x00000000fdb0fb30}> (0x00000000fdb0fb30) 
thrown [s\src\hotspot\share\prims\jni.cpp, line 520]
Event: 262.423 Thread 0x00000179c02963f0 Exception <a 'java/io/IOException'{0x00000000ae71dfc0}> (0x00000000ae71dfc0) 
thrown [s\src\hotspot\share\prims\jni.cpp, line 520]
Event: 262.470 Thread 0x00000179c02963f0 Exception <a 'java/io/IOException'{0x00000000ae7760c0}> (0x00000000ae7760c0) 
thrown [s\src\hotspot\share\prims\jni.cpp, line 520]
Event: 262.642 Thread 0x00000179b50546f0 Implicit null exception at 0x000001799d7798d4 to 0x000001799d77d6f8
Event: 262.699 Thread 0x00000179b5059c40 Implicit null exception at 0x000001799daeed3e to 0x000001799daef644
Event: 262.699 Thread 0x00000179b5059c40 Implicit null exception at 0x000001799da654be to 0x000001799da65dc4
Event: 277.778 Thread 0x00000179b1057060 Implicit null exception at 0x000001799dba2fbe to 0x000001799dba38d0

ZGC Phase Switch (0 events):
No events

VM Operations (20 events):
Event: 272.654 Executing safepoint VM operation: Cleanup done
Event: 274.666 Executing safepoint VM operation: Cleanup
Event: 274.666 Executing safepoint VM operation: Cleanup done
Event: 275.668 Executing safepoint VM operation: Cleanup
Event: 275.668 Executing safepoint VM operation: Cleanup done
Event: 277.682 Executing safepoint VM operation: Cleanup
Event: 277.682 Executing safepoint VM operation: Cleanup done
Event: 277.701 Executing non-safepoint VM operation: HandshakeAllThreads (Deoptimize)
Event: 277.701 Executing non-safepoint VM operation: HandshakeAllThreads (Deoptimize) done
Event: 278.708 Executing safepoint VM operation: Cleanup
Event: 278.708 Executing safepoint VM operation: Cleanup done
Event: 280.726 Executing safepoint VM operation: Cleanup
Event: 280.727 Executing safepoint VM operation: Cleanup done
Event: 280.936 Executing safepoint VM operation: G1CollectForAllocation (G1 Evacuation Pause)
Event: 280.966 Executing safepoint VM operation: G1CollectForAllocation (G1 Evacuation Pause) done
Event: 281.967 Executing safepoint VM operation: Cleanup
Event: 281.968 Executing safepoint VM operation: Cleanup done
Event: 282.238 Executing safepoint VM operation: G1CollectForAllocation (G1 Evacuation Pause)
Event: 282.250 Executing safepoint VM operation: G1CollectForAllocation (G1 Evacuation Pause) done
Event: 282.893 Executing safepoint VM operation: G1PauseRemark

Memory protections (0 events):
No events

Nmethod flushes (20 events):
Event: 282.911 Thread 0x00000179aa601f50 flushing  nmethod 0x0000017995ce3f90
Event: 282.911 Thread 0x00000179aa601f50 flushing  nmethod 0x0000017995e4db90
Event: 282.911 Thread 0x00000179aa601f50 flushing  nmethod 0x000001799624b410
Event: 282.911 Thread 0x00000179aa601f50 flushing  nmethod 0x00000179969cf610
Event: 282.911 Thread 0x00000179aa601f50 flushing  nmethod 0x0000017997066d10
Event: 282.911 Thread 0x00000179aa601f50 flushing  nmethod 0x0000017997254c90
Event: 282.911 Thread 0x00000179aa601f50 flushing  nmethod 0x000001799775f690
Event: 282.911 Thread 0x00000179aa601f50 flushing  nmethod 0x000001799dfcc210
Event: 282.911 Thread 0x00000179aa601f50 flushing  nmethod 0x0000017995dace90
Event: 282.911 Thread 0x00000179aa601f50 flushing  nmethod 0x0000017995db4690
Event: 282.911 Thread 0x00000179aa601f50 flushing  nmethod 0x00000179960e8e90
Event: 282.911 Thread 0x00000179aa601f50 flushing  nmethod 0x0000017996302590
Event: 282.911 Thread 0x00000179aa601f50 flushing  nmethod 0x00000179966a3990
Event: 282.911 Thread 0x00000179aa601f50 flushing  nmethod 0x00000179967f9d10
Event: 282.911 Thread 0x00000179aa601f50 flushing  nmethod 0x000001799705a990
Event: 282.911 Thread 0x00000179aa601f50 flushing  nmethod 0x00000179972ec910
Event: 282.911 Thread 0x00000179aa601f50 flushing  nmethod 0x0000017997713110
Event: 282.911 Thread 0x00000179aa601f50 flushing  nmethod 0x000001799777bb10
Event: 282.911 Thread 0x00000179aa601f50 flushing  nmethod 0x0000017997789a10
Event: 282.911 Thread 0x00000179aa601f50 flushing  nmethod 0x0000017997891610

Events (20 events):
Event: 271.813 Thread 0x00000179aa67de10 Thread added: 0x00000179c072a070
Event: 271.815 Thread 0x00000179b5059c40 Thread added: 0x00000179bb751420
Event: 271.816 Thread 0x00000179bb751420 Thread exited: 0x00000179bb751420
Event: 272.042 Thread 0x00000179c072a070 Thread exited: 0x00000179c072a070
Event: 274.743 Thread 0x00000179b50546f0 Thread added: 0x00000179b597e430
Event: 274.745 Thread 0x00000179b597e430 Thread exited: 0x00000179b597e430
Event: 277.781 Thread 0x000001798c86ae90 Thread added: 0x00000179bb842d80
Event: 277.792 Thread 0x000001798c86ae90 Thread added: 0x00000179bb844e50
Event: 277.793 Thread 0x00000179bb842d80 Thread added: 0x00000179b5137d70
Event: 277.793 Thread 0x00000179bb842d80 Thread exited: 0x00000179bb842d80
Event: 277.795 Thread 0x00000179bb844e50 Thread exited: 0x00000179bb844e50
Event: 277.801 Thread 0x00000179b5137d70 Thread exited: 0x00000179b5137d70
Event: 277.808 Thread 0x00000179b5054d80 Thread added: 0x00000179bb74e130
Event: 277.922 Thread 0x00000179bb74e130 Thread exited: 0x00000179bb74e130
Event: 278.291 Thread 0x00000179b597f150 Thread added: 0x00000179c0d1d840
Event: 278.292 Thread 0x00000179c0d1d840 Thread exited: 0x00000179c0d1d840
Event: 278.324 Thread 0x00000179b597f150 Thread added: 0x00000179c0d1e560
Event: 278.326 Thread 0x00000179c0d1e560 Thread exited: 0x00000179c0d1e560
Event: 280.789 Thread 0x00000179b1057060 Thread added: 0x00000179bf9ba4e0
Event: 280.790 Thread 0x00000179bf9ba4e0 Thread exited: 0x00000179bf9ba4e0


Dynamic libraries:
0x00007ff735960000 - 0x00007ff7359e9000 	C:\ST\STM32CubeIDE_2.2.0\STM32CubeIDE\stm32cubeide.exe
0x00007ffcf7a40000 - 0x00007ffcf7ca7000 	C:\WINDOWS\SYSTEM32\ntdll.dll
0x00007ffcf6920000 - 0x00007ffcf69eb000 	C:\WINDOWS\System32\KERNEL32.DLL
0x00007ffcf4c40000 - 0x00007ffcf5042000 	C:\WINDOWS\System32\KERNELBASE.dll
0x00007ffcf58f0000 - 0x00007ffcf5abf000 	C:\WINDOWS\System32\USER32.dll
0x00007ffcf5050000 - 0x00007ffcf5077000 	C:\WINDOWS\System32\win32u.dll
0x00007ffcf6840000 - 0x00007ffcf686b000 	C:\WINDOWS\System32\GDI32.dll
0x00007ffcf5630000 - 0x00007ffcf5759000 	C:\WINDOWS\System32\gdi32full.dll
0x00007ffcf5270000 - 0x00007ffcf5313000 	C:\WINDOWS\System32\msvcp_win.dll
0x00007ffcf5080000 - 0x00007ffcf51cc000 	C:\WINDOWS\System32\ucrtbase.dll
0x00007ffcde380000 - 0x00007ffcde610000 	C:\WINDOWS\WinSxS\amd64_microsoft.windows.common-controls_6595b64144ccf1df_6.0.26100.9278_none_3e0d1ba8e3303201\COMCTL32.dll
0x00007ffcf6870000 - 0x00007ffcf6919000 	C:\WINDOWS\System32\msvcrt.dll
0x00007ffcf6510000 - 0x00007ffcf6541000 	C:\WINDOWS\System32\IMM32.DLL
0x00007ffcb2b70000 - 0x00007ffcb2bb4000 	C:\ST\STM32CubeIDE_2.2.0\STM32CubeIDE\plugins\org.eclipse.equinox.launcher.win32.win32.x86_64_1.2.1400.v20250801-0854\eclipse_11916.dll
0x00007ffcf7350000 - 0x00007ffcf740c000 	C:\WINDOWS\System32\ADVAPI32.dll
0x00007ffcf74b0000 - 0x00007ffcf7559000 	C:\WINDOWS\System32\sechost.dll
0x00007ffcf5f50000 - 0x00007ffcf6068000 	C:\WINDOWS\System32\RPCRT4.dll
0x00007ffcf71b0000 - 0x00007ffcf734a000 	C:\WINDOWS\System32\ole32.dll
0x00007ffcf7560000 - 0x00007ffcf78e5000 	C:\WINDOWS\System32\combase.dll
0x00007ffc2fa10000 - 0x00007ffc307b1000 	C:\ST\STM32CubeIDE_2.2.0\STM32CubeIDE\plugins\com.st.stm32cube.ide.jre.win64_3.4.300.202604201452\jre\bin\server\jvm.dll
0x00007ffcf7420000 - 0x00007ffcf74a0000 	C:\WINDOWS\System32\WS2_32.dll
0x00007ffcf4aa0000 - 0x00007ffcf4afe000 	C:\WINDOWS\SYSTEM32\POWRPROF.dll
0x00007ffcec480000 - 0x00007ffcec48b000 	C:\WINDOWS\SYSTEM32\VERSION.dll
0x00007ffcdafa0000 - 0x00007ffcdafbe000 	C:\WINDOWS\SYSTEM32\VCRUNTIME140.dll
0x00007ffcebd00000 - 0x00007ffcebd36000 	C:\WINDOWS\SYSTEM32\WINMM.dll
0x00007ffcdaf90000 - 0x00007ffcdaf9b000 	C:\WINDOWS\SYSTEM32\VCRUNTIME140_1.dll
0x00007ffcf4a80000 - 0x00007ffcf4a95000 	C:\WINDOWS\SYSTEM32\UMPDC.dll
0x00007ffcdaee0000 - 0x00007ffcdaeea000 	C:\ST\STM32CubeIDE_2.2.0\STM32CubeIDE\plugins\com.st.stm32cube.ide.jre.win64_3.4.300.202604201452\jre\bin\jimage.dll
0x00007ffce8030000 - 0x00007ffce827c000 	C:\WINDOWS\SYSTEM32\DBGHELP.DLL
0x00007ffcf6730000 - 0x00007ffcf6809000 	C:\WINDOWS\System32\OLEAUT32.dll
0x00007ffcdb100000 - 0x00007ffcdb13b000 	C:\WINDOWS\SYSTEM32\dbgcore.DLL
0x00007ffcf5570000 - 0x00007ffcf561c000 	C:\WINDOWS\System32\bcryptPrimitives.dll
0x00007ffcdea80000 - 0x00007ffcdeaa0000 	C:\ST\STM32CubeIDE_2.2.0\STM32CubeIDE\plugins\com.st.stm32cube.ide.jre.win64_3.4.300.202604201452\jre\bin\java.dll
0x00007ffcf3910000 - 0x00007ffcf392b000 	C:\WINDOWS\SYSTEM32\kernel.appcore.dll
0x00007ffcf6a10000 - 0x00007ffcf71a8000 	C:\WINDOWS\System32\SHELL32.dll
0x00007ffcf2690000 - 0x00007ffcf2f3e000 	C:\WINDOWS\SYSTEM32\windows.storage.dll
0x00007ffcf57d0000 - 0x00007ffcf58cb000 	C:\WINDOWS\System32\SHCORE.dll
0x00007ffcf5760000 - 0x00007ffcf57c6000 	C:\WINDOWS\System32\shlwapi.dll
0x00007ffcf4b60000 - 0x00007ffcf4b89000 	C:\WINDOWS\SYSTEM32\profapi.dll
0x00007ffcb27b0000 - 0x00007ffcb2887000 	C:\ST\STM32CubeIDE_2.2.0\STM32CubeIDE\plugins\com.st.stm32cube.ide.jre.win64_3.4.300.202604201452\jre\bin\jsvml.dll
0x00007ffcdc550000 - 0x00007ffcdc560000 	C:\ST\STM32CubeIDE_2.2.0\STM32CubeIDE\plugins\com.st.stm32cube.ide.jre.win64_3.4.300.202604201452\jre\bin\net.dll
0x00007ffcecb60000 - 0x00007ffcecc8a000 	C:\WINDOWS\SYSTEM32\WINHTTP.dll
0x00007ffcf3ed0000 - 0x00007ffcf3f3c000 	C:\WINDOWS\system32\mswsock.dll
0x00007ffcdc530000 - 0x00007ffcdc546000 	C:\ST\STM32CubeIDE_2.2.0\STM32CubeIDE\plugins\com.st.stm32cube.ide.jre.win64_3.4.300.202604201452\jre\bin\nio.dll
0x00007ffcdbf90000 - 0x00007ffcdbfa8000 	C:\ST\STM32CubeIDE_2.2.0\STM32CubeIDE\plugins\com.st.stm32cube.ide.jre.win64_3.4.300.202604201452\jre\bin\zip.dll
0x00007ffcf1d00000 - 0x00007ffcf1da8000 	C:\WINDOWS\system32\uxtheme.dll
0x00007ffcf5b20000 - 0x00007ffcf5c7b000 	C:\WINDOWS\System32\MSCTF.dll
0x00007ffcf5e90000 - 0x00007ffcf5f3e000 	C:\WINDOWS\System32\clbcatq.dll
0x00007ffce0120000 - 0x00007ffce0262000 	C:\WINDOWS\SYSTEM32\textinputframework.dll
0x00007ffcf17c0000 - 0x00007ffcf18eb000 	C:\WINDOWS\SYSTEM32\CoreMessaging.dll
0x00007ffcecc90000 - 0x00007ffcecf74000 	C:\WINDOWS\SYSTEM32\CoreUIComponents.dll
0x00007ffceebc0000 - 0x00007ffceed2a000 	C:\WINDOWS\SYSTEM32\wintypes.dll
0x00007ffcf41e0000 - 0x00007ffcf41ec000 	C:\WINDOWS\SYSTEM32\CRYPTBASE.DLL
0x00007ffccec50000 - 0x00007ffccec71000 	C:\ST\STM32CubeIDE_2.2.0\STM32CubeIDE\configuration\org.eclipse.osgi\360\0\.cp\swt-osversion-win32-4971r15.dll
0x00007ffcb2070000 - 0x00007ffcb213a000 	C:\ST\STM32CubeIDE_2.2.0\STM32CubeIDE\configuration\org.eclipse.osgi\360\0\.cp\swt-win32-4971r15.dll
0x00007ffcf78f0000 - 0x00007ffcf79e5000 	C:\WINDOWS\System32\COMDLG32.dll
0x00007ffcdcc20000 - 0x00007ffcdccd0000 	C:\WINDOWS\SYSTEM32\WINSPOOL.DRV
0x00007ffcef7b0000 - 0x00007ffcef8a5000 	C:\WINDOWS\SYSTEM32\PROPSYS.dll
0x00007ffcdc940000 - 0x00007ffcdcbd3000 	C:\WINDOWS\SYSTEM32\WININET.dll
0x00007ffcd8790000 - 0x00007ffcd8805000 	C:\WINDOWS\SYSTEM32\OLEACC.dll
0x00007ffce2560000 - 0x00007ffce273c000 	C:\WINDOWS\SYSTEM32\urlmon.dll
0x00007ffcad010000 - 0x00007ffcad029000 	C:\WINDOWS\SYSTEM32\USP10.dll
0x00007ffcde370000 - 0x00007ffcde378000 	C:\WINDOWS\SYSTEM32\MSIMG32.dll
0x00007ffcf1fb0000 - 0x00007ffcf1fdf000 	C:\WINDOWS\SYSTEM32\dwmapi.dll
0x00007ffce2290000 - 0x00007ffce2554000 	C:\WINDOWS\SYSTEM32\iertutil.dll
0x00007ffcf47a0000 - 0x00007ffcf47f2000 	C:\WINDOWS\SYSTEM32\cfgmgr32.dll
0x00007ffce2260000 - 0x00007ffce2289000 	C:\WINDOWS\SYSTEM32\srvcli.dll
0x00007ffcf3270000 - 0x00007ffcf327d000 	C:\WINDOWS\SYSTEM32\netutils.dll
0x00007ffcb2be0000 - 0x00007ffcb2c0c000 	C:\ST\STM32CubeIDE_2.2.0\STM32CubeIDE\configuration\org.eclipse.osgi\360\0\.cp\swt-gdip-win32-4971r15.dll
0x00007ffcde190000 - 0x00007ffcde36b000 	C:\WINDOWS\WinSxS\amd64_microsoft.windows.gdiplus_6595b64144ccf1df_1.1.26100.9444_none_6ef568883dc4f9e8\gdiplus.dll
0x00007ffcf02c0000 - 0x00007ffcf04f8000 	C:\WINDOWS\SYSTEM32\WindowsCodecs.dll
0x00007ffcdb0a0000 - 0x00007ffcdb0b8000 	C:\WINDOWS\system32\napinsp.dll
0x00007ffcf3320000 - 0x00007ffcf3478000 	C:\WINDOWS\SYSTEM32\DNSAPI.dll
0x00007ffcf3c60000 - 0x00007ffcf3c6d000 	C:\WINDOWS\SYSTEM32\DSPARSE.dll
0x00007ffcf3290000 - 0x00007ffcf32c3000 	C:\WINDOWS\SYSTEM32\IPHLPAPI.DLL
0x00007ffcf5c80000 - 0x00007ffcf5c8a000 	C:\WINDOWS\System32\NSI.dll
0x00007ffcdb080000 - 0x00007ffcdb093000 	C:\WINDOWS\System32\winrnr.dll
0x00007ffcdb050000 - 0x00007ffcdb077000 	C:\WINDOWS\system32\nlansp_c.dll
0x00007ffcebb80000 - 0x00007ffcebb96000 	C:\WINDOWS\system32\wshbth.dll
0x00007ffcecfd0000 - 0x00007ffcecfdb000 	C:\Windows\System32\rasadhlp.dll
0x00007ffce9520000 - 0x00007ffce95a6000 	C:\WINDOWS\System32\fwpuclnt.dll
0x00007ffcf41c0000 - 0x00007ffcf41db000 	C:\WINDOWS\SYSTEM32\CRYPTSP.dll
0x00007ffcf3870000 - 0x00007ffcf38a9000 	C:\WINDOWS\system32\rsaenh.dll
0x00007ffcf3f80000 - 0x00007ffcf3fb4000 	C:\WINDOWS\SYSTEM32\USERENV.dll
0x00007ffcf4b30000 - 0x00007ffcf4b5a000 	C:\WINDOWS\SYSTEM32\bcrypt.dll
0x00007ffcb2a40000 - 0x00007ffcb2a89000 	C:\Users\mfdal\AppData\Local\Temp\jna-103801686\jna3022368169776987608.dll
0x00007ffcf6070000 - 0x00007ffcf6078000 	C:\WINDOWS\System32\PSAPI.DLL
0x00007ffce1cb0000 - 0x00007ffce1dab000 	C:\WINDOWS\SYSTEM32\TextShaping.dll
0x00007ffcecb10000 - 0x00007ffcecb2d000 	C:\WINDOWS\SYSTEM32\dhcpcsvc6.DLL
0x00007ffcec830000 - 0x00007ffcec855000 	C:\WINDOWS\SYSTEM32\dhcpcsvc.DLL
0x00007ffc863a0000 - 0x00007ffc8652f000 	C:\ST\STM32CubeIDE_2.2.0\STM32CubeIDE\plugins\com.st.stm32cube.ide.jre.win64_3.4.300.202604201452\jre\bin\awt.dll
0x00007ffcdafc0000 - 0x00007ffcdb048000 	C:\WINDOWS\SYSTEM32\MSVCP140.dll
0x00007ffcf1a90000 - 0x00007ffcf1b2f000 	C:\WINDOWS\SYSTEM32\apphelp.dll
0x00007ffcb1fe0000 - 0x00007ffcb2061000 	C:\ST\STM32CubeIDE_2.2.0\STM32CubeIDE\plugins\com.st.stm32cube.ide.jre.win64_3.4.300.202604201452\jre\bin\mlib_image.dll
0x00007ffcdaed0000 - 0x00007ffcdaeda000 	C:\ST\STM32CubeIDE_2.2.0\STM32CubeIDE\plugins\com.st.stm32cube.ide.jre.win64_3.4.300.202604201452\jre\bin\management.dll
0x00007ffcdaec0000 - 0x00007ffcdaecc000 	C:\ST\STM32CubeIDE_2.2.0\STM32CubeIDE\plugins\com.st.stm32cube.ide.jre.win64_3.4.300.202604201452\jre\bin\management_ext.dll
0x00007ffcc76e0000 - 0x00007ffcc773c000 	C:\WINDOWS\system32\dataexchange.dll
0x00007ffce79a0000 - 0x00007ffce7bf0000 	C:\WINDOWS\system32\twinapi.appcore.dll
0x00007ffc95780000 - 0x00007ffc957c4000 	C:\WINDOWS\system32\mlang.dll
0x00007ffcf0620000 - 0x00007ffcf088a000 	C:\WINDOWS\SYSTEM32\DWrite.dll
0x00007ffcd9780000 - 0x00007ffcd9789000 	C:\ST\STM32CubeIDE_2.2.0\STM32CubeIDE\plugins\com.st.stm32cube.ide.jre.win64_3.4.300.202604201452\jre\bin\prefs.dll
0x00007ffcc1b80000 - 0x00007ffcc1e98000 	C:\WINDOWS\system32\explorerframe.dll
0x00007ffcb1f50000 - 0x00007ffcb1fd7000 	C:\ST\STM32CubeIDE_2.2.0\STM32CubeIDE\plugins\com.st.stm32cube.ide.jre.win64_3.4.300.202604201452\jre\bin\freetype.dll
0x00007ffc8cec0000 - 0x00007ffc8cfb2000 	C:\ST\STM32CubeIDE_2.2.0\STM32CubeIDE\plugins\com.st.stm32cube.ide.jre.win64_3.4.300.202604201452\jre\bin\fontmanager.dll
0x00007ffcd96c0000 - 0x00007ffcd96ce000 	C:\ST\STM32CubeIDE_2.2.0\STM32CubeIDE\plugins\com.st.stm32cube.ide.jre.win64_3.4.300.202604201452\jre\bin\sunmscapi.dll
0x00007ffcf53e0000 - 0x00007ffcf555e000 	C:\WINDOWS\System32\CRYPT32.dll
0x00007ffcf4400000 - 0x00007ffcf4430000 	C:\WINDOWS\SYSTEM32\ncrypt.dll
0x00007ffcf43b0000 - 0x00007ffcf43ef000 	C:\WINDOWS\SYSTEM32\NTASN1.dll
0x00007ffcf4310000 - 0x00007ffcf4323000 	C:\WINDOWS\SYSTEM32\MSASN1.dll
0x00007ffcf3f50000 - 0x00007ffcf3f75000 	C:\WINDOWS\SYSTEM32\gpapi.dll
0x00007ffcf4820000 - 0x00007ffcf482a000 	C:\WINDOWS\SYSTEM32\DPAPI.dll
0x00007ffcd4240000 - 0x00007ffcd4249000 	C:\ST\STM32CubeIDE_2.2.0\STM32CubeIDE\plugins\com.st.stm32cube.ide.jre.win64_3.4.300.202604201452\jre\bin\extnet.dll
0x000000006bcc0000 - 0x000000006bd11000 	C:\ST\STM32CubeIDE_2.2.0\STM32CubeIDE\plugins\org.eclipse.cdt.core.win32.x86_64_12.3.0.202512021919\os\win32\x86_64\spawner.dll
0x00007ffcc7750000 - 0x00007ffcc7779000 	C:\WINDOWS\SYSTEM32\edputil.dll
0x00007ffcd4230000 - 0x00007ffcd4240000 	C:\ST\STM32CubeIDE_2.2.0\STM32CubeIDE\plugins\com.st.stm32cube.ide.jre.win64_3.4.300.202604201452\jre\bin\verify.dll
0x00007ffcd3510000 - 0x00007ffcd3517000 	C:\ST\STM32CubeIDE_2.2.0\STM32CubeIDE\plugins\com.st.stm32cube.ide.jre.win64_3.4.300.202604201452\jre\bin\rmi.dll
0x0000000070f80000 - 0x0000000070fdd000 	C:\ST\STM32CubeIDE_2.2.0\STM32CubeIDE\configuration\org.eclipse.osgi\200\0\.cp\os\win32\x86_64\serial.dll
0x00007ffcd9ac0000 - 0x00007ffcd9ac8000 	C:\WINDOWS\system32\wshunix.dll
0x00007ffcc85e0000 - 0x00007ffcc8660000 	C:\WINDOWS\system32\Ninput.dll

JVMTI agents: none

dbghelp: loaded successfully - version: 4.0.5 - missing functions: none
symbol engine: initialized successfully - sym options: 0x614 - pdb path: .;C:\ST\STM32CubeIDE_2.2.0\STM32CubeIDE;C:\WINDOWS\SYSTEM32;C:\WINDOWS\WinSxS\amd64_microsoft.windows.common-controls_6595b64144ccf1df_6.0.26100.9278_none_3e0d1ba8e3303201;C:\ST\STM32CubeIDE_2.2.0\STM32CubeIDE\plugins\org.eclipse.equinox.launcher.win32.win32.x86_64_1.2.1400.v20250801-0854;C:\ST\STM32CubeIDE_2.2.0\STM32CubeIDE\plugins\com.st.stm32cube.ide.jre.win64_3.4.300.202604201452\jre\bin\server;C:\ST\STM32CubeIDE_2.2.0\STM32CubeIDE\plugins\com.st.stm32cube.ide.jre.win64_3.4.300.202604201452\jre\bin;C:\ST\STM32CubeIDE_2.2.0\STM32CubeIDE\configuration\org.eclipse.osgi\360\0\.cp;C:\WINDOWS\WinSxS\amd64_microsoft.windows.gdiplus_6595b64144ccf1df_1.1.26100.9444_none_6ef568883dc4f9e8;C:\Users\mfdal\AppData\Local\Temp\jna-103801686;C:\ST\STM32CubeIDE_2.2.0\STM32CubeIDE\plugins\org.eclipse.cdt.core.win32.x86_64_12.3.0.202512021919\os\win32\x86_64;C:\ST\STM32CubeIDE_2.2.0\STM32CubeIDE\configuration\org.eclipse.osgi\200\0\.cp\os\win32\x86_64

VM Arguments:
jvm_args: -Dosgi.requiredJavaVersion=1.8 -Dosgi.instance.area.default=@user.home/STM32CubeIDE/workspace_2.2.0 -Declipse.buildId=Version 2.2.0 -DproductMaturityGrade=mm -Djdk.http.auth.tunneling.disabledSchemes= -XX:+UseG1GC -XX:+UseStringDeduplication -Xms256m -Xmx2048m -Djavax.net.ssl.trustStoreType=WINDOWS-ROOT 
java_command: <unknown>
java_class_path (initial): C:\ST\STM32CubeIDE_2.2.0\STM32CubeIDE\\plugins/org.eclipse.equinox.launcher_1.7.100.v20251111-0406.jar
Launcher Type: generic

[Global flags]
     intx CICompilerCount                          = 4                                         {product} {ergonomic}
     uint ConcGCThreads                            = 3                                         {product} {ergonomic}
     uint G1ConcRefinementThreads                  = 10                                        {product} {ergonomic}
   size_t G1HeapRegionSize                         = 1048576                                   {product} {ergonomic}
    uintx GCDrainStackTargetSize                   = 64                                        {product} {ergonomic}
   size_t InitialHeapSize                          = 268435456                                 {product} {command line}
   size_t MarkStackSize                            = 4194304                                   {product} {ergonomic}
   size_t MaxHeapSize                              = 2147483648                                {product} {command line}
   size_t MaxNewSize                               = 1287651328                                {product} {ergonomic}
   size_t MinHeapDeltaBytes                        = 1048576                                   {product} {ergonomic}
   size_t MinHeapSize                              = 268435456                                 {product} {command line}
    uintx NonNMethodCodeHeapSize                   = 5839372                                {pd product} {ergonomic}
    uintx NonProfiledCodeHeapSize                  = 122909434                              {pd product} {ergonomic}
    uintx ProfiledCodeHeapSize                     = 122909434                              {pd product} {ergonomic}
    uintx ReservedCodeCacheSize                    = 251658240                              {pd product} {ergonomic}
     bool SegmentedCodeCache                       = true                                      {product} {ergonomic}
   size_t SoftMaxHeapSize                          = 2147483648                             {manageable} {ergonomic}
     bool UseCompressedOops                        = true                           {product lp64_product} {ergonomic}
     bool UseG1GC                                  = true                                      {product} {command line}
     bool UseLargePagesIndividualAllocation        = false                                  {pd product} {ergonomic}
     bool UseStringDeduplication                   = true                                      {product} {command line}

Logging:
Log output configuration:
 #0: stdout all=warning uptime,level,tags foldmultilines=false
 #1: stderr all=off uptime,level,tags foldmultilines=false

Release file:
JAVA_VERSION="21.0.10" 
MODULES="java.base java.compiler java.datatransfer java.xml java.prefs java.desktop java.instrument java.logging java.management java.security.sasl java.naming java.rmi java.management.rmi java.net.http java.scripting java.security.jgss java.transaction.xa java.sql java.sql.rowset java.xml.crypto java.se java.smartcardio jdk.jfr javafx.base jdk.unsupported javafx.graphics javafx.controls javafx.fxml javafx.media jdk.unsupported.desktop javafx.swing jdk.jsobject jdk.xml.dom javafx.web jdk.accessibility jdk.internal.jvmstat jdk.attach jdk.charsets jdk.internal.opt jdk.zipfs jdk.compiler jdk.crypto.ec jdk.crypto.cryptoki jdk.crypto.mscapi jdk.dynalink jdk.internal.ed jdk.editpad jdk.httpserver jdk.incubator.vector jdk.internal.le jdk.internal.vm.ci jdk.internal.vm.compiler jdk.internal.vm.compiler.management jdk.jartool jdk.javadoc jdk.jdeps jdk.jdwp.agent jdk.jdi jdk.jlink jdk.jpackage jdk.jshell jdk.jstatd jdk.localedata jdk.management jdk.management.agent jdk.management.jfr jdk.naming.dns jdk.naming.rmi jdk.net jdk.nio.mapmode jdk.random jdk.sctp jdk.security.auth jdk.security.jgss" 

Environment Variables:
PATH=C:\Program Files\NVIDIA GPU Computing Toolkit\CUDA\v13.2\bin\x64;C:\Program Files\NVIDIA GPU Computing Toolkit\CUDA\v13.2\bin;C:\Program Files\Eclipse Adoptium\jdk-21.0.8.9-hotspot\bin;C:\Program Files\ImageMagick-7.1.1-Q16-HDRI;C:\Windows\system32;C:\Windows;C:\Windows\System32\Wbem;C:\Windows\System32\WindowsPowerShell\v1.0\;C:\Windows\System32\OpenSSH\;C:\Program Files (x86)\NVIDIA Corporation\PhysX\Common;C:\WINDOWS\system32;C:\WINDOWS;C:\WINDOWS\System32\Wbem;C:\WINDOWS\System32\WindowsPowerShell\v1.0\;C:\WINDOWS\System32\OpenSSH\;C:\Program Files\PuTTY\;C:\Program Files\Git\cmd;C:\Program Files\TortoiseGit\bin;C:\Program Files\Calibre2\;C:\Program Files\Git LFS;C:\Program Files\dotnet\;C:\WINDOWS\system32\config\systemprofile\AppData\Local\Muse Hub\lib;;C:\Program Files\NVIDIA Corporation\NVIDIA App\NvDLISR;C:\Program Files (x86)\Windows Kits\10\Windows Performance Toolkit\;C:\Program Files\NVIDIA Corporation\Nsight Compute 2026.1.0\;C:\Program Files\nodejs\;C:\ProgramData\chocolatey\bin;C:\Program Files (x86)\cloudflared\;C:\Program Files\CMake\bin;C:\ProgramData\chocolatey\lib\mpvio.install\tools;C:\Program Files\eSpeak NG\;C:\Program Files\usbipd-win\;C:\Program Files\Docker\Docker\resources\bin;C:\Program Files\SatDump\bin;C:\WSJT\wsjtx\bin;C:\Ruby40-x64\bin;C:\Users\mfdal\AppData\Local\Programs\Python\Python313\Scripts\;C:\Users\mfdal\AppData\Local\Programs\Python\Python313\;C:\Users\mfdal\AppData\Local\Microsoft\WindowsApps;C:\Users\mfdal\AppData\Local\atom\bin;C:\Users\mfdal\Desktop\Scott_Spaceship_Files\Python Helpers;C:\Users\mfdal\AppData\Local\Microsoft\WindowsApps;C:\Users\mfdal\AppData\Local\Programs\Microsoft VS Code\bin;C:\Users\mfdal\AppData\Local\GitHubDesktop\bin;C:\Users\mfdal\AppData\Roaming\Python\Python310\Scripts;C:\Users\mfdal\AppData\Local\Programs\Python\Python310\Scripts;C:\Users\mfdal\AppData\Local\Microsoft\WinGet\Packages\Gyan.FFmpeg_Microsoft.Winget.Source_8wekyb3d8bbwe\ffmpeg-7.1-full_build\bin;C:\Program Files (x86)\UFRaw\bin;C:\Users\mfdal\AppData\Local\Muse Hub\lib;C:\Program Files\Inkscape\bin;C:\Program Files (x86)\GnuWin32\bin;C:\Program Files\BuildNinja;C:\Users\mfdal\AppData\Local\Microsoft\WinGet\Packages\Gyan.FFmpeg.Shared_Microsoft.Winget.Source_8wekyb3d8bbwe\ffmpeg-8.0.1-full_build-shared\bin;C:\FFMPEG\bin;C:\Users\mfdal\.dotnet\tools;C:\Users\mfdal\AppData\Roaming\npm;C:\bin;C:\cygwin64\bin;C:\Program Files (x86)\Nmap;C:\Users\mfdal\Desktop\Projects\Garron\Android Tools (adb etc);C:\Users\mfdal\AppData\Roaming\Python\Python313\Scripts;C:\Program Files (x86)\eSpeak\command_line;C:\Program Files\wkhtmltopdf\bin;C:\Program Files\Processing\;C:\Program Files\Hugin\bin;C:\Users\mfdal\Desktop\Projects\Garron\eml2img;C:\Users\mfdal\Desktop\Projects\Garron\bin\;C:\Program Files\Notepad++;
USERNAME=mfdal
OS=Windows_NT
PROCESSOR_IDENTIFIER=AMD64 Family 23 Model 96 Stepping 1, AuthenticAMD
TMP=C:\Users\mfdal\AppData\Local\Temp
TEMP=C:\Users\mfdal\AppData\Local\Temp




Periodic native trim disabled

---------------  S Y S T E M  ---------------

OS:
 Windows 11 , 64 bit Build 26100 (10.0.26100.9444)
OS uptime: 0 days 0:58 hours
Hyper-V role detected

CPU: total 12 (initial active 12) (12 cores per cpu, 2 threads per core) family 23 model 96 stepping 1 microcode 0x8600103, cx8, cmov, fxsr, ht, mmx, 3dnowpref, sse, sse2, sse3, ssse3, sse4a, sse4.1, sse4.2, popcnt, lzcnt, tsc, tscinvbit, avx, avx2, aes, clmul, bmi1, bmi2, adx, sha, fma, vzeroupper, clflush, clflushopt, hv, rdtscp, rdpid, f16c
Processor Information for the first 12 processors :
  Max Mhz: 3000, Current Mhz: 3000, Mhz Limit: 3000

Memory: 4k page, system-wide physical 7598M (258M free)
TotalPageFile size 14031M (AvailPageFile size 90M)
current process WorkingSet (physical memory assigned to process): 752M, peak: 1119M
current process commit charge ("private bytes"): 1178M, peak: 1263M

vm_info: OpenJDK 64-Bit Server VM (21.0.10+7-LTS) for windows-amd64 JRE (21.0.10+7-LTS), built on 2026-01-20T00:00:00Z by "admin" with MS VC++ 17.12 (VS2022)

END.
